Measurement Name :,20190126_resp_larvae_T3,,Generated On :,"26/01/2019, 23:21:18",,,Calibration details for Oxygen,,,Report :,"@m01:IDENTIFICATION
Serial number     : SEBX0007000710      
MUX channel       : ON - 01

PARAMETERS
Sig LED current   : 040
Ref LED current   : 075
Frequency         : 060
Sending interval  : 0000
Pulse lenght      : 06
Red REF comp.     : ON
Temperature comp. : ON

FIRMWARE
ver.4.039.A3.ST   : 04/30/07, 09:14:36
@m01:RDY

",,Other Report :,"Start Temperature : 
End Temperature        : 
Start Humidity         : 
End Humidity           : 
Ref.phase Corre        : 1
Dig. Ampl.Factor       : 
Mod. Coarse Freq.      : 
Mod. Fine Freq.        : 
Mod. Shape             : 
Mono or Stero          : 
Phase Shift            : 
Sampling Rate          : 
Temp. Corr Slop Coef   : 
",,,,,,,,,,,,,,,,,
Start Date/Time:,"26/01/2019, 22:30:11",,,,,,Batch No.:  ,PSt5-1814-01,,,,,,,,,,,,,,,,,,,,,,,
End Date/Time:,"26/01/2019, 23:21:11",,,,,,O2_cal0 [°],54.84,,,,,,,,,,,,,,,,,,,,,,,
User Comment :,0,,Meas. Created By :,admin,,,O2_cal2nd [°],47.47,,,,,,,,,,,,,,,,,,,,,,,
SDR Serial No. :,S-710,,,,,,O2_T0 [°C],22.6,,,,,,,,,,,,,,,,,,,,,,,
Parameter :,Oxygen [cO2 [µmol/L]],,,,,,O2_T2nd [°C],22.6,,,,,,,,,,,,,,,,,,,,,,,
,,,,,,,O2_patm [mbar],968,,,,,,,,,,,,,,,,,,,,,,,
,,,,,,,O2_2nd [% a.s.],100,,,,,,,,,,,,,,,,,,,,,,,
,,,,,,,,,,,,,,,,,,,,,,,,,,,,,,,
,,,,,,,,,,,,,,,,,,,,,,,,,,,,,,,
,,,,,,,,,,,,,,,,,,,,,,,,,,,,,,,
,,,,,,,,,,,,,,,,,,,,,,,,,,,,,,,
Date/Time,Time/Min.,A1,B1,C1,D1,A2,B2,C2,D2,A3,B3,C3,D3,A4,B4,C4,D4,A5,B5,C5,D5,A6,B6,C6,D6,,Tm [°C],p [mbar],Salinity [g/1000g],T_internal [°C],Error
26.01.19 22:30:13,0.03,No Sensor,No Sensor,No Sensor,336.54,No Sensor,No Sensor,No Sensor,No Sensor,No Sensor,No Sensor,No Sensor,No Sensor,No Sensor,No Sensor,No Sensor,No Sensor,No Sensor,No Sensor,No Sensor,No Sensor,No Sensor,No Sensor,No Sensor,No Sensor,,14,968,28,14.32,
26.01.19 22:30:28,0.28,No Sensor,No Sensor,No Sensor,No Sensor,No Sensor,No Sensor,No Sensor,No Sensor,No Sensor,No Sensor,No Sensor,No Sensor,No Sensor,No Sensor,No Sensor,No Sensor,No Sensor,No Sensor,No Sensor,No Sensor,No Sensor,No Sensor,No Sensor,No Sensor,,14,968,28,14.52,
26.01.19 22:30:43,0.53,No Sensor,No Sensor,No Sensor,No Sensor,No Sensor,No Sensor,No Sensor,No Sensor,No Sensor,No Sensor,No Sensor,No Sensor,No Sensor,No Sensor,No Sensor,No Sensor,No Sensor,No Sensor,No Sensor,No Sensor,No Sensor,No Sensor,No Sensor,No Sensor,,14,968,28,14.65,
26.01.19 22:30:58,0.78,300.22,305.2,316.61,306.56,325.83,312.49,307.92,311.57,No Sensor,311.11,No Sensor,No Sensor,No Sensor,No Sensor,No Sensor,No Sensor,No Sensor,No Sensor,No Sensor,No Sensor,No Sensor,No Sensor,No Sensor,No Sensor,,14,968,28,14.75,
26.01.19 22:31:13,1.03,No Sensor,No Sensor,No Sensor,No Sensor,No Sensor,No Sensor,No Sensor,No Sensor,No Sensor,No Sensor,No Sensor,No Sensor,No Sensor,No Sensor,No Sensor,No Sensor,No Sensor,No Sensor,No Sensor,No Sensor,No Sensor,No Sensor,No Sensor,No Sensor,,14,968,28,14.82,
26.01.19 22:31:28,1.28,No Sensor,No Sensor,No Sensor,No Sensor,No Sensor,No Sensor,No Sensor,No Sensor,No Sensor,No Sensor,No Sensor,No Sensor,No Sensor,No Sensor,No Sensor,No Sensor,306.56,300.67,292.57,288.99,293.02,297.06,288.54,281.43,,14,968,28,14.86,
26.01.19 22:31:43,1.53,288.54,291.67,297.51,285.42,316.61,307.01,297.06,294.36,No Sensor,314.32,No Sensor,No Sensor,No Sensor,No Sensor,No Sensor,No Sensor,No Sensor,No Sensor,No Sensor,No Sensor,No Sensor,No Sensor,No Sensor,No Sensor,,14,968,28,14.89,
26.01.19 22:31:58,1.78,No Sensor,No Sensor,No Sensor,No Sensor,No Sensor,No Sensor,No Sensor,No Sensor,289.88,291.23,279.21,302.48,280.54,280.98,282.31,264.29,269.09,274.8,277.45,264.72,262.98,269.97,270.84,262.54,,14,968,28,14.95,
26.01.19 22:32:13,2.03,No Sensor,No Sensor,No Sensor,No Sensor,No Sensor,No Sensor,No Sensor,No Sensor,No Sensor,No Sensor,No Sensor,No Sensor,No Sensor,No Sensor,No Sensor,No Sensor,No Sensor,No Sensor,No Sensor,No Sensor,No Sensor,No Sensor,No Sensor,No Sensor,,14,968,28,15,
26.01.19 22:32:28,2.28,265.16,269.97,271.28,268.22,269.53,269.97,273.04,269.97,269.09,271.28,266.9,270.84,266.9,272.6,273.04,254.74,263.41,271.28,274.36,258.64,261.67,269.09,267.78,258.64,,14,968,28,15.02,
26.01.19 22:32:43,2.53,264.29,269.09,270.84,267.78,268.65,269.09,272.16,269.53,269.09,270.84,266.9,270.41,266.9,271.72,273.04,254.31,262.54,270.84,274.36,258.64,262.11,268.65,267.78,257.77,,14,968,28,15.06,
26.01.19 22:32:58,2.78,263.85,269.09,270.41,267.34,268.22,269.09,271.28,269.53,268.65,270.41,265.59,269.53,266.47,270.41,272.16,254.31,262.54,269.97,273.48,257.77,260.81,267.34,267.34,257.77,,14,968,28,15.07,
26.01.19 22:33:13,3.03,263.85,268.65,269.97,266.9,268.65,268.65,271.72,269.09,268.22,269.97,266.03,269.97,266.47,270.41,271.28,253.45,262.54,269.97,272.6,257.77,261.24,267.34,266.47,256.9,,14,968,28,15.09,
26.01.19 22:33:28,3.28,263.41,268.22,269.53,266.47,267.78,268.65,270.84,267.78,267.78,269.53,266.03,269.09,265.59,269.97,270.84,253.02,261.67,269.53,272.6,256.9,259.94,266.47,266.47,256.9,,14,968,28,15.11,
26.01.19 22:33:43,3.53,263.41,267.78,269.53,266.9,267.34,268.22,270.84,268.22,267.34,269.09,266.03,268.65,265.59,269.97,271.28,252.59,261.24,268.65,272.6,257.77,260.37,266.47,266.47,256.47,,14,968,28,15.13,
26.01.19 22:33:58,3.78,262.98,267.78,269.09,265.59,266.9,267.78,270.84,267.78,266.9,268.65,265.16,267.78,264.72,269.09,270.84,252.59,260.81,268.65,271.72,256.04,259.94,266.03,265.59,256.47,,14,968,28,15.14,
26.01.19 22:34:13,4.03,262.54,266.9,269.09,266.03,266.9,267.78,270.41,267.78,266.03,269.09,265.16,267.78,264.29,268.65,269.97,253.02,259.94,268.65,271.72,256.47,259.5,266.03,265.59,256.47,,14,968,28,15.14,
26.01.19 22:34:28,4.28,262.11,266.47,268.65,265.59,266.9,267.34,270.41,267.34,266.03,268.22,265.16,267.78,264.29,268.22,270.41,252.59,259.94,267.78,270.84,256.04,259.5,265.59,264.72,255.61,,14,968,28,15.14,
26.01.19 22:34:43,4.53,262.11,266.9,269.09,265.59,266.47,266.9,269.97,267.34,265.59,268.65,265.16,267.78,263.85,268.65,269.97,252.59,259.94,268.22,270.84,256.47,259.5,265.59,265.59,256.04,,14,968,28,15.15,
26.01.19 22:34:58,4.78,262.11,266.03,268.65,265.59,266.47,266.9,269.97,266.9,266.03,268.22,264.72,266.9,263.41,267.78,270.41,251.73,259.5,268.22,270.84,256.04,258.64,265.16,265.16,256.04,,14,968,28,15.15,
26.01.19 22:35:13,5.03,260.81,266.03,268.22,264.72,265.59,266.03,269.53,266.47,264.72,267.34,264.72,266.47,262.54,267.78,269.09,252.59,258.64,267.34,270.41,255.61,258.64,264.72,264.29,255.18,,14,968,28,15.15,
26.01.19 22:35:28,5.28,261.67,266.47,268.65,265.16,265.16,266.47,269.53,266.47,265.16,267.34,265.16,266.47,262.98,267.78,269.53,252.16,259.07,266.9,270.41,255.61,258.2,264.72,264.72,255.61,,14,968,28,15.16,
26.01.19 22:35:43,5.53,261.24,265.59,267.78,264.72,265.16,266.03,269.09,266.9,264.29,267.34,264.72,266.47,262.54,267.78,269.09,251.73,258.2,266.9,269.97,255.18,258.2,265.16,264.29,255.18,,14,968,28,15.16,
26.01.19 22:35:58,5.78,260.81,265.16,267.34,264.72,265.16,266.03,269.09,266.03,264.29,266.9,264.72,266.03,262.11,267.34,269.09,251.73,258.2,266.9,269.97,255.61,257.77,263.85,264.29,254.74,,14,968,28,15.18,
26.01.19 22:36:13,6.03,260.81,266.03,267.78,264.29,264.72,266.03,269.09,266.03,263.85,266.9,264.72,266.03,262.54,266.9,269.09,251.73,258.2,266.47,269.09,254.31,257.77,263.85,264.29,254.74,,14,968,28,15.18,
26.01.19 22:36:28,6.28,260.81,266.03,267.78,264.29,264.72,266.47,269.09,266.03,263.85,266.9,264.72,265.59,262.11,266.9,268.65,252.16,258.2,266.47,269.53,254.74,257.77,263.85,263.85,255.18,,14,968,28,15.18,
26.01.19 22:36:43,6.53,260.37,264.72,267.78,264.29,263.41,265.59,268.65,265.59,262.54,266.03,264.72,265.59,261.24,266.47,268.22,252.16,257.77,266.47,269.09,254.31,257.77,263.41,262.98,254.74,,14,968,28,15.18,
26.01.19 22:36:58,6.78,260.37,265.16,266.9,264.29,263.41,265.16,268.22,265.59,262.98,266.03,264.72,265.59,261.24,266.47,268.22,251.73,257.77,266.03,268.65,254.31,257.77,263.41,263.85,254.74,,14,968,28,15.18,
26.01.19 22:37:13,7.03,260.81,265.16,267.78,264.72,264.29,266.03,269.09,265.59,262.98,266.9,264.29,265.16,260.81,266.03,268.22,251.73,257.34,266.03,269.09,254.31,257.34,263.85,263.85,254.74,,14,968,28,15.16,
26.01.19 22:37:28,7.28,259.94,265.16,267.34,264.29,264.29,265.16,268.22,265.16,262.98,266.47,264.29,265.16,260.37,266.03,267.78,252.16,257.34,266.03,269.09,254.31,257.77,263.85,263.85,254.74,,14,968,28,15.18,
26.01.19 22:37:43,7.53,260.37,265.16,267.34,263.85,263.85,265.16,268.65,265.16,262.98,265.16,264.29,264.72,260.81,266.03,268.22,251.3,257.34,265.16,268.65,254.31,257.34,263.41,263.41,254.31,,14,968,28,15.18,
26.01.19 22:37:58,7.78,259.94,264.72,267.34,263.85,263.41,265.16,268.65,265.59,262.54,265.59,263.85,265.16,260.37,266.03,267.34,251.3,257.34,265.59,268.65,253.88,257.34,263.41,263.41,253.88,,14,968,28,15.18,
26.01.19 22:38:13,8.03,260.37,264.72,267.34,263.85,263.41,265.16,268.65,264.72,262.11,265.59,263.41,265.16,260.37,265.59,267.34,251.3,257.34,265.59,268.22,254.31,256.9,262.98,263.41,253.88,,14,968,28,15.18,
26.01.19 22:38:28,8.28,259.94,265.16,266.47,263.41,263.41,265.16,268.65,265.16,261.67,265.59,264.72,264.72,259.94,266.03,267.34,251.73,256.47,265.59,268.22,253.88,256.47,262.98,262.98,254.31,,14,968,28,15.18,
26.01.19 22:38:43,8.53,259.94,264.29,266.47,262.98,262.98,264.72,267.78,264.29,261.24,265.59,263.85,264.29,259.94,265.59,267.34,251.73,256.9,265.16,268.22,253.88,256.9,262.98,262.98,253.45,,14,968,28,15.18,
26.01.19 22:38:58,8.78,259.5,263.85,266.47,263.41,262.54,264.72,268.22,264.29,261.24,265.16,263.85,264.29,259.5,265.59,266.9,251.3,256.9,264.72,267.78,253.02,256.47,262.54,262.98,253.88,,14,968,28,15.18,
26.01.19 22:39:13,9.03,259.5,264.72,266.9,263.41,262.54,264.29,267.34,264.29,261.24,264.72,263.41,263.85,259.5,265.59,267.34,251.3,256.47,265.16,267.78,253.45,256.47,262.98,262.98,253.88,,14,968,28,15.16,
26.01.19 22:39:28,9.28,259.5,264.72,266.9,263.41,262.98,264.29,267.78,264.72,261.24,264.72,264.29,264.72,259.5,265.59,266.47,251.3,256.47,264.72,267.78,253.45,256.47,262.98,262.54,253.45,,14,968,28,15.18,
26.01.19 22:39:43,9.53,259.07,264.29,266.47,262.98,262.54,263.85,267.78,263.85,260.37,265.16,263.41,264.29,259.07,264.72,267.34,251.3,256.04,264.72,266.9,253.45,256.47,262.54,262.54,253.45,,14,968,28,15.16,
26.01.19 22:39:58,9.78,259.5,264.29,266.47,263.85,262.11,264.29,267.78,264.72,260.81,265.59,263.41,264.72,259.07,265.16,266.9,252.16,256.47,264.72,267.34,253.02,256.47,262.54,263.41,253.45,,14,968,28,15.16,
26.01.19 22:40:13,10.03,259.07,263.85,266.03,262.98,262.98,263.85,267.78,263.85,260.37,264.72,263.41,264.29,258.64,265.16,266.9,251.3,256.47,264.72,267.34,253.02,256.04,262.54,262.98,253.88,,14,968,28,15.18,
26.01.19 22:40:28,10.28,259.5,264.29,266.9,262.54,262.11,264.29,267.34,264.29,259.94,265.16,263.41,264.29,258.64,265.16,266.47,251.73,256.47,264.72,267.34,253.02,256.04,262.54,262.54,253.02,,14,968,28,15.16,
26.01.19 22:40:43,10.53,259.07,263.85,266.47,262.98,262.11,263.85,267.34,263.85,259.94,264.29,263.85,262.98,258.2,265.16,266.47,251.3,256.04,264.72,267.34,253.02,255.61,262.11,262.54,253.02,,14,968,28,15.15,
26.01.19 22:40:58,10.78,259.5,263.85,266.03,263.41,262.54,264.29,267.34,263.41,260.37,264.72,263.41,263.85,258.64,265.16,266.9,251.73,256.47,264.29,267.34,253.02,256.04,262.11,262.54,253.45,,14,968,28,15.15,
26.01.19 22:41:13,11.03,259.07,263.41,266.47,262.11,261.67,263.41,267.34,263.41,259.5,264.29,262.98,262.98,258.64,264.29,266.47,251.3,255.61,264.29,266.9,253.02,256.04,262.54,262.54,253.45,,14,968,28,15.15,
26.01.19 22:41:28,11.28,258.64,263.85,265.59,263.41,261.67,263.41,267.78,263.41,259.94,264.29,263.41,262.98,258.64,264.29,266.9,250.87,255.61,263.85,266.9,253.02,256.04,262.11,262.11,253.45,,14,968,28,15.15,
26.01.19 22:41:43,11.53,258.64,263.41,266.03,262.98,261.24,263.41,267.34,263.41,259.5,263.85,263.41,263.41,258.2,264.29,265.59,250.87,255.18,263.85,266.9,252.16,255.61,262.11,262.11,253.02,,14,968,28,15.14,
26.01.19 22:41:58,11.78,258.64,262.98,265.59,262.98,261.67,263.41,266.47,263.41,259.94,263.85,262.98,262.98,257.34,263.85,265.59,251.3,255.18,264.29,266.9,252.59,256.04,262.11,262.11,253.02,,14,968,28,15.14,
26.01.19 22:42:14,12.05,259.07,263.41,266.03,262.54,261.67,263.41,266.9,263.85,259.5,264.29,262.98,262.98,257.77,264.29,266.47,251.3,255.18,263.85,266.9,252.59,255.61,261.67,262.54,253.45,,14,968,28,15.14,
26.01.19 22:42:29,12.3,258.64,263.41,265.59,262.54,261.67,263.41,266.47,262.98,258.64,263.41,262.54,263.41,257.77,263.85,266.03,250.87,255.18,263.41,266.03,252.16,255.18,261.24,262.11,253.02,,14,968,28,15.14,
26.01.19 22:42:44,12.55,258.64,262.98,265.16,262.98,260.81,262.98,267.34,263.41,258.64,263.85,262.98,262.98,258.2,263.85,265.59,251.3,255.61,263.85,266.47,252.16,255.18,261.67,262.11,252.59,,14,968,28,15.14,
26.01.19 22:42:59,12.8,258.64,262.98,266.03,262.54,261.24,262.54,266.9,263.85,258.64,263.85,262.54,262.98,257.77,263.85,265.59,250.87,254.74,263.85,266.03,252.59,255.18,261.67,262.11,252.59,,14,968,28,15.14,
26.01.19 22:43:14,13.05,258.64,262.54,265.16,262.11,261.24,262.98,266.47,262.54,258.2,263.41,262.11,262.98,257.34,263.41,265.59,251.3,254.74,263.41,265.59,252.16,255.61,261.67,261.67,252.59,,14,968,28,15.13,
26.01.19 22:43:29,13.3,258.2,262.54,265.59,262.54,261.24,262.98,266.47,262.98,259.07,262.98,262.98,262.98,257.77,263.85,265.59,250.44,255.18,263.85,265.59,251.73,255.18,261.67,262.54,252.59,,14,968,28,15.14,
26.01.19 22:43:44,13.55,258.64,262.98,266.03,262.54,260.81,262.54,266.9,262.98,259.07,263.41,262.98,262.98,257.34,263.41,265.16,250.87,254.74,263.85,266.03,251.73,255.18,261.67,262.11,252.59,,14,968,28,15.11,
26.01.19 22:43:59,13.8,258.64,262.98,266.03,262.54,261.24,262.98,266.9,263.41,258.2,263.41,262.98,262.54,257.34,264.29,265.59,250.87,255.61,263.85,266.03,252.16,255.61,261.67,261.67,252.59,,14,968,28,15.14,
26.01.19 22:44:14,14.05,258.2,262.54,265.16,262.54,260.37,263.41,266.47,263.41,258.2,263.41,262.54,262.54,256.9,263.41,265.16,251.3,254.74,263.41,266.03,251.73,255.18,261.24,261.67,252.59,,14,968,28,15.13,
26.01.19 22:44:29,14.3,258.2,262.98,265.59,262.54,260.81,262.98,266.47,262.98,258.64,263.85,262.54,262.54,257.34,263.85,265.59,251.3,255.18,263.85,266.03,251.73,255.61,261.67,262.11,253.02,,14,968,28,15.11,
26.01.19 22:44:44,14.55,258.64,262.98,265.59,262.11,260.81,262.54,266.47,263.41,258.64,263.41,262.11,262.54,256.9,263.41,264.72,251.73,254.74,263.41,265.59,251.3,254.74,261.24,261.67,252.59,,14,968,28,15.11,
26.01.19 22:44:59,14.8,257.34,262.54,265.16,262.11,260.37,262.98,266.47,262.54,257.77,262.98,262.54,262.11,256.9,262.98,264.72,250.87,254.74,262.98,265.16,251.73,254.74,261.67,261.24,251.73,,14,968,28,15.09,
26.01.19 22:45:14,15.05,258.2,262.54,265.16,261.67,260.37,262.98,266.03,262.54,257.77,262.98,262.54,262.11,256.9,263.41,265.16,251.3,254.31,263.41,265.59,251.73,255.18,261.24,261.67,252.16,,14,968,28,15.11,
26.01.19 22:45:29,15.3,258.64,262.54,265.59,262.11,260.81,262.54,266.03,262.54,257.77,262.98,262.54,262.11,256.47,263.41,265.16,251.73,254.74,262.98,265.16,251.73,254.74,261.67,261.24,252.59,,14,968,28,15.09,
26.01.19 22:45:44,15.55,257.77,262.98,265.16,262.11,260.81,262.54,266.47,262.54,258.2,263.41,262.98,262.54,256.47,263.85,265.16,251.73,254.31,263.41,265.59,251.3,255.18,261.24,261.24,252.59,,14,968,28,15.09,
26.01.19 22:45:59,15.8,258.2,262.11,264.29,261.67,259.94,262.54,266.03,261.67,257.77,262.54,262.54,262.11,256.47,262.54,265.16,251.3,253.88,262.98,265.16,251.3,254.31,261.24,261.67,251.73,,14,968,28,15.09,
26.01.19 22:46:14,16.05,258.2,262.54,265.16,262.54,260.37,262.98,266.03,262.54,258.2,262.98,262.11,262.98,257.34,263.41,265.16,251.3,254.31,263.41,266.03,251.73,254.74,261.24,261.67,252.59,,14,968,28,15.09,
26.01.19 22:46:29,16.3,257.34,261.24,265.16,260.81,259.94,261.67,265.16,261.67,256.9,262.11,262.11,261.24,256.04,262.98,263.85,250.44,253.88,262.54,265.16,250.44,253.88,260.37,261.24,251.73,,14,968,28,15.09,
26.01.19 22:46:44,16.55,257.77,262.54,264.72,261.24,260.37,262.11,266.47,262.54,257.77,262.98,262.54,262.54,256.47,263.41,264.72,250.87,254.31,262.54,265.16,251.73,255.18,261.24,261.24,251.73,,14,968,28,15.07,
26.01.19 22:46:59,16.8,257.77,262.11,264.72,262.11,259.94,261.67,265.59,262.11,256.9,262.54,262.11,262.11,256.04,262.11,264.29,251.3,253.88,262.54,265.16,250.87,254.31,260.81,261.24,251.73,,14,968,28,15.09,
26.01.19 22:47:14,17.05,257.34,261.24,264.29,261.67,259.94,262.11,265.59,261.67,256.47,262.54,261.67,261.67,256.04,262.54,264.29,250.87,253.88,262.11,264.72,250.87,254.31,260.81,260.81,251.73,,14,968,28,15.07,
26.01.19 22:47:29,17.3,256.9,261.24,264.29,261.24,259.07,261.67,265.59,261.67,256.47,262.11,261.67,261.24,256.04,262.11,263.41,250.44,253.88,262.11,264.29,250.44,253.45,260.37,260.81,251.73,,14,968,28,15.07,
26.01.19 22:47:44,17.55,256.9,262.11,264.72,261.24,259.5,261.67,265.59,262.11,256.9,262.11,261.67,261.67,255.61,262.54,264.29,251.3,253.45,262.54,264.72,250.87,253.88,260.81,260.81,251.3,,14,968,28,15.07,
26.01.19 22:47:59,17.8,257.34,261.67,264.72,261.67,259.94,261.24,266.03,262.11,256.9,262.54,262.11,261.67,256.04,262.11,264.29,250.87,253.88,262.11,264.29,250.87,254.31,260.81,260.81,251.73,,14,968,28,15.07,
26.01.19 22:48:14,18.05,257.77,261.67,264.72,261.67,259.5,261.24,265.59,262.54,256.47,262.54,262.11,261.67,256.04,262.11,264.29,250.44,253.88,262.54,264.72,250.44,254.31,260.37,261.24,251.73,,14,968,28,15.06,
26.01.19 22:48:29,18.3,256.9,261.67,264.72,261.24,259.5,261.24,265.16,261.24,256.04,262.11,261.67,261.67,255.61,262.54,264.29,250.87,253.45,262.54,264.29,250.87,253.88,260.81,260.81,251.73,,14,968,28,15.04,
26.01.19 22:48:44,18.55,257.77,261.24,264.72,261.24,259.5,261.67,265.59,262.11,256.47,262.11,262.54,261.67,256.04,262.54,263.41,250.87,253.88,262.54,264.29,250.87,254.31,260.81,260.81,252.16,,14,968,28,15.06,
26.01.19 22:48:59,18.8,256.47,261.24,264.29,261.24,258.64,261.24,264.72,261.67,255.61,261.67,261.67,261.24,255.61,262.11,263.85,250.44,253.45,262.11,264.29,250.01,253.88,259.94,260.81,250.87,,14,968,28,15.04,
26.01.19 22:49:14,19.05,256.47,260.81,264.29,260.81,259.07,260.81,264.72,261.67,256.04,261.67,261.24,261.24,255.18,261.67,263.41,250.01,253.45,261.67,263.85,249.58,253.45,259.94,260.37,251.3,,14,968,28,15.04,
26.01.19 22:49:29,19.3,257.34,261.67,264.72,260.81,259.94,261.24,265.16,262.11,256.47,262.11,262.11,261.24,256.04,262.54,263.85,251.3,253.45,262.54,264.72,250.87,253.88,260.37,261.24,251.73,,14,968,28,15.04,
26.01.19 22:49:44,19.55,256.47,262.11,264.29,260.81,258.64,261.67,265.59,262.11,255.61,261.67,261.67,261.24,255.61,261.67,263.85,250.44,253.02,262.54,264.29,250.44,253.88,260.37,260.37,251.3,,14,968,28,15.04,
26.01.19 22:49:59,19.8,257.34,261.67,264.29,260.81,259.5,261.24,265.59,261.67,256.47,261.67,262.11,261.67,255.61,262.11,263.41,250.87,253.45,262.54,263.41,250.87,254.31,260.37,260.81,251.3,,14,968,28,15.04,
26.01.19 22:50:14,20.05,256.9,261.67,263.85,261.24,258.64,260.81,265.16,261.24,256.04,261.67,262.11,261.24,255.18,261.67,263.41,250.87,253.45,262.11,264.29,250.44,253.45,260.37,260.81,250.87,,14,968,28,15.02,
26.01.19 22:50:29,20.3,256.47,260.81,263.85,261.24,259.07,261.24,265.16,261.24,256.04,261.67,261.67,261.67,254.74,261.67,263.41,250.44,253.02,261.67,263.85,250.01,253.45,259.5,260.37,251.3,,14,968,28,15.02,
26.01.19 22:50:44,20.55,256.47,261.24,263.85,260.81,258.2,260.81,264.72,260.81,255.18,261.24,261.67,260.37,254.74,261.67,262.98,250.44,252.59,261.67,263.85,249.58,253.45,259.94,260.81,250.44,,14,968,28,15.02,
26.01.19 22:50:59,20.8,256.9,261.24,264.29,261.24,258.64,260.81,264.72,260.81,255.18,261.24,262.11,261.67,254.74,261.67,263.85,250.87,253.02,261.67,263.85,250.01,253.88,260.37,260.37,251.3,,14,968,28,15.02,
26.01.19 22:51:14,21.05,256.47,260.81,263.85,261.24,258.64,260.81,264.29,260.81,255.61,261.24,262.11,261.24,254.74,261.67,262.98,250.87,253.45,261.67,263.85,250.01,253.45,259.94,260.37,250.87,,14,968,28,15.02,
26.01.19 22:51:29,21.3,256.47,261.24,263.85,260.81,258.2,260.37,264.29,261.24,255.18,260.81,261.67,261.24,255.18,260.81,262.54,250.44,252.59,261.67,263.41,250.01,253.02,259.94,259.94,250.87,,14,968,28,15.02,
26.01.19 22:51:44,21.55,256.47,261.24,263.85,259.94,258.64,260.37,264.72,260.81,254.74,260.81,261.24,261.24,254.31,261.24,262.54,250.44,252.59,261.67,262.98,250.01,253.45,259.5,260.37,250.44,,14,968,28,15.02,
26.01.19 22:51:59,21.8,256.47,260.81,263.85,260.81,258.64,260.37,263.85,260.37,255.18,260.81,261.24,261.24,254.31,260.81,262.98,250.44,252.59,261.24,263.41,249.58,253.02,259.5,259.94,250.44,,14,968,28,15,
26.01.19 22:52:14,22.05,256.9,260.81,264.29,260.81,259.07,260.37,264.29,261.24,255.61,261.24,261.67,261.24,254.74,261.67,263.41,250.44,252.59,261.24,263.85,250.44,253.45,259.5,259.94,251.3,,14,968,28,15,
26.01.19 22:52:29,22.3,256.9,260.37,263.85,260.81,259.07,260.81,264.72,261.24,255.61,261.24,261.67,260.81,254.74,261.67,262.98,250.87,252.59,262.11,263.85,250.44,253.88,260.37,260.37,251.3,,14,968,28,14.98,
26.01.19 22:52:44,22.55,257.34,261.24,263.85,261.24,258.2,260.37,263.85,261.24,255.18,260.81,261.24,260.81,254.74,260.81,262.54,250.87,253.02,261.67,263.41,249.58,253.02,259.5,259.94,250.87,,14,968,28,15,
26.01.19 22:52:59,22.8,256.04,260.37,263.85,260.81,258.2,259.94,264.29,260.37,254.31,260.37,261.24,260.37,254.31,261.24,262.98,250.44,252.59,261.24,263.85,249.58,253.02,259.5,259.5,250.87,,14,968,28,15,
26.01.19 22:53:14,23.05,256.9,260.81,263.85,260.37,258.64,259.94,263.85,260.81,254.31,260.81,261.24,260.81,254.74,260.81,262.98,250.87,252.16,261.24,262.98,249.58,253.02,259.94,259.94,250.87,,14,968,28,15,
26.01.19 22:53:29,23.3,256.04,260.37,263.85,260.37,257.77,260.37,264.29,259.94,254.74,260.81,260.81,260.37,253.88,260.81,262.54,250.44,252.59,260.81,262.54,249.58,252.59,259.5,259.5,250.01,,14,968,28,14.98,
26.01.19 22:53:44,23.55,256.04,259.94,262.98,259.94,257.34,259.94,263.41,260.81,254.31,259.94,260.81,260.37,253.88,260.81,262.11,250.44,252.59,260.37,262.98,249.15,252.59,259.5,259.5,250.44,,14,968,28,14.98,
26.01.19 22:53:59,23.8,256.47,260.37,263.41,260.37,257.77,259.94,264.29,259.94,254.31,260.81,260.81,260.37,254.31,260.81,262.54,250.87,252.59,261.24,262.98,249.15,252.59,259.5,259.94,250.44,,14,968,28,14.98,
26.01.19 22:54:14,24.05,256.47,260.37,263.41,260.37,257.34,259.94,263.85,260.37,254.31,260.37,261.24,260.37,253.88,260.37,262.11,249.58,251.73,260.81,262.98,249.15,253.02,259.5,259.5,250.01,,14,968,28,14.98,
26.01.19 22:54:29,24.3,256.04,260.37,262.54,259.94,257.77,259.5,263.85,259.94,253.88,259.94,260.81,260.37,253.45,260.37,262.11,250.44,251.73,260.81,262.54,248.72,252.59,259.07,259.5,250.01,,14,968,28,14.97,
26.01.19 22:54:44,24.55,256.04,260.37,263.41,259.94,257.34,259.5,263.41,260.37,253.88,259.94,260.81,259.5,253.88,260.81,262.11,250.87,251.73,261.24,262.54,249.15,252.59,259.5,259.94,250.01,,14,968,28,14.97,
26.01.19 22:54:59,24.8,255.61,260.37,262.98,259.07,257.34,259.07,263.41,260.37,253.45,259.94,260.81,260.37,253.88,260.37,262.11,250.01,252.16,260.81,262.11,248.72,252.59,259.07,258.64,250.01,,14,968,28,14.95,
26.01.19 22:55:14,25.05,255.18,259.94,262.11,259.5,257.77,258.64,262.98,259.5,253.45,259.5,260.37,259.94,253.45,259.5,261.67,250.44,251.3,260.37,262.11,248.72,252.16,259.07,259.07,250.01,,14,968,28,14.97,
26.01.19 22:55:29,25.3,255.61,259.5,263.41,259.5,256.9,259.5,263.85,260.37,254.31,260.37,260.81,259.94,253.88,260.81,262.11,250.01,251.73,260.81,262.11,249.15,252.59,259.07,259.5,250.01,,14,968,28,14.97,
26.01.19 22:55:44,25.55,256.04,260.37,262.98,259.94,257.34,259.07,263.85,259.94,253.45,259.5,260.37,259.94,253.88,260.37,261.24,250.44,251.73,260.37,262.54,248.72,252.16,259.07,259.5,250.44,,14,968,28,14.93,
26.01.19 22:56:00,25.82,255.61,259.94,262.98,260.37,257.34,259.07,263.41,259.5,254.31,259.94,260.81,259.94,253.88,260.37,262.11,250.44,252.16,260.81,262.54,248.72,252.59,258.64,259.07,250.01,,14,968,28,14.95,
26.01.19 22:56:15,26.07,256.04,259.94,262.98,259.94,257.77,259.94,263.85,260.37,253.88,260.37,261.24,260.37,253.88,260.81,261.67,250.01,251.73,260.81,262.98,249.15,252.59,259.07,259.5,250.01,,14,968,28,14.95,
26.01.19 22:56:30,26.32,255.61,259.94,262.54,260.37,257.34,259.07,263.85,259.94,253.45,259.5,260.81,259.94,253.02,260.37,261.67,250.44,251.73,260.37,261.67,248.72,252.16,259.07,259.07,250.44,,14,968,28,14.95,
26.01.19 22:56:45,26.57,255.61,259.94,262.54,259.94,256.47,259.07,262.54,259.94,253.45,259.94,260.81,259.5,253.45,259.94,261.67,250.44,252.16,259.94,262.11,248.72,252.16,258.64,259.07,250.01,,14,968,28,14.95,
26.01.19 22:57:00,26.82,255.61,259.5,262.54,259.07,256.9,259.07,263.41,259.07,253.02,259.5,260.37,259.94,253.02,259.94,261.24,249.58,251.3,260.37,261.67,248.29,251.73,258.2,259.07,249.58,,14,968,28,14.93,
26.01.19 22:57:15,27.07,255.18,259.94,262.54,259.5,256.9,258.64,263.41,259.5,253.02,259.5,260.37,259.5,253.02,259.5,261.24,250.01,251.3,259.94,261.67,248.72,252.59,259.07,258.64,250.01,,14,968,28,14.93,
26.01.19 22:57:30,27.32,255.18,259.07,262.11,259.5,256.47,258.64,262.98,259.07,253.02,259.07,260.37,259.07,253.02,259.07,260.81,249.15,251.3,259.94,261.67,248.29,251.73,257.77,258.64,249.58,,14,968,28,14.93,
26.01.19 22:57:45,27.57,254.74,259.94,262.54,259.07,256.9,258.64,262.54,259.5,253.02,259.5,260.37,259.5,253.02,259.94,260.81,250.01,251.3,259.94,261.67,248.29,251.73,258.2,259.07,249.58,,14,968,28,14.91,
26.01.19 22:58:00,27.82,255.18,259.5,262.11,259.07,256.47,258.64,262.54,258.64,252.59,259.07,260.37,259.5,253.02,259.5,260.37,249.58,251.73,260.37,261.67,248.29,251.73,258.2,258.64,250.01,,14,968,28,14.93,
26.01.19 22:58:15,28.07,254.74,259.5,262.54,259.5,256.47,258.64,262.54,259.07,253.02,259.07,260.81,259.07,252.59,259.5,260.81,250.01,251.3,259.94,261.67,248.29,252.16,258.64,258.64,249.15,,14,968,28,14.91,
26.01.19 22:58:30,28.32,255.18,259.94,262.11,259.07,256.47,258.64,262.98,259.07,252.59,258.64,260.37,259.5,253.02,259.5,260.81,249.58,250.87,259.94,261.24,248.29,251.73,258.64,258.2,249.58,,14,968,28,14.93,
26.01.19 22:58:45,28.57,255.61,260.37,262.54,259.94,256.04,258.64,263.41,258.64,253.45,259.07,260.37,259.07,253.02,259.94,260.81,250.01,251.3,260.37,262.11,248.72,252.59,258.64,259.07,249.58,,14,968,28,14.9,
26.01.19 22:59:00,28.82,254.31,259.07,262.11,259.5,256.47,258.64,262.11,259.07,252.59,259.07,259.5,259.5,252.59,259.5,260.37,250.01,251.3,259.94,260.37,248.29,251.73,258.2,258.64,249.15,,14,968,28,14.9,
26.01.19 22:59:15,29.07,255.61,259.07,262.11,259.5,256.47,258.2,262.54,259.07,253.02,258.64,259.94,259.5,253.02,259.07,260.37,249.58,251.3,259.94,261.24,248.29,251.73,258.64,258.64,249.15,,14,968,28,14.9,
26.01.19 22:59:30,29.32,255.61,259.07,262.11,259.07,256.47,258.64,262.54,258.64,252.59,258.64,260.37,259.07,253.02,259.07,260.37,250.01,251.3,259.94,261.24,248.29,252.16,258.64,258.2,249.58,,14,968,28,14.89,
26.01.19 22:59:45,29.57,255.61,259.94,262.11,259.5,256.47,258.2,263.41,258.64,252.59,259.07,260.81,259.5,253.02,259.5,260.81,250.01,251.3,260.37,261.24,248.29,252.16,258.64,258.64,250.01,,14,968,28,14.89,
26.01.19 23:00:00,29.82,254.74,259.07,262.11,259.07,256.04,258.2,262.98,259.07,252.59,258.64,259.94,259.07,252.59,259.5,260.81,250.01,251.3,259.94,261.67,248.29,251.73,258.2,258.64,249.58,,14,968,28,14.89,
26.01.19 23:00:15,30.07,254.74,259.07,262.11,259.07,256.04,257.77,262.54,258.2,252.16,258.64,259.94,259.07,252.16,258.64,259.94,249.15,251.3,259.5,260.81,247.43,251.3,257.77,258.2,249.15,,14,968,28,14.89,
26.01.19 23:00:30,30.32,254.74,258.64,261.67,259.07,256.04,257.77,262.54,258.64,252.59,258.64,259.94,258.64,252.59,258.64,260.37,249.58,251.3,259.07,261.24,247.86,251.3,257.77,258.2,249.58,,14,968,28,14.88,
26.01.19 23:00:45,30.57,254.74,259.07,261.67,259.5,256.04,257.34,262.54,258.64,251.73,258.64,259.94,259.07,252.16,259.07,260.37,249.58,250.44,259.5,261.24,247.86,251.3,257.77,258.2,249.15,,14,968,28,14.89,
26.01.19 23:01:00,30.82,255.18,259.07,262.11,259.07,255.61,258.2,262.11,258.64,252.16,258.64,260.37,259.07,252.59,259.5,260.37,250.01,250.87,259.94,260.81,247.86,251.73,257.77,258.64,249.15,,14,968,28,14.86,
26.01.19 23:01:15,31.07,254.74,258.2,262.11,258.64,255.61,257.77,262.11,258.2,252.16,258.2,260.37,259.07,252.16,258.64,259.94,249.15,250.87,259.5,260.37,247.43,250.87,257.77,258.2,249.15,,14,968,28,14.88,
26.01.19 23:01:30,31.32,254.74,258.2,261.67,258.64,255.61,257.77,262.11,257.77,251.73,257.77,259.5,258.64,251.73,259.07,259.94,249.58,250.44,259.07,259.94,247.43,250.87,257.77,257.77,249.15,,14,968,28,14.86,
26.01.19 23:01:45,31.57,254.31,259.07,261.24,259.07,256.04,257.34,262.11,258.64,251.73,258.2,259.94,258.64,252.59,258.64,259.94,249.58,250.87,259.5,260.81,247.43,250.87,257.77,258.2,249.15,,14,968,28,14.86,
26.01.19 23:02:00,31.82,254.74,258.2,261.67,258.64,255.18,257.34,261.67,258.64,251.73,257.77,259.5,258.2,251.73,258.64,259.94,249.15,250.01,259.07,259.94,247.43,250.87,257.34,257.77,248.29,,14,968,28,14.86,
26.01.19 23:02:15,32.07,254.31,259.07,261.67,258.2,256.04,257.77,262.54,258.64,251.3,257.77,259.94,258.64,252.16,258.64,259.94,249.58,250.01,259.07,260.81,247.43,251.3,257.34,257.77,249.15,,14,968,28,14.86,
26.01.19 23:02:30,32.32,254.31,258.2,261.24,258.64,255.61,256.9,262.11,258.2,251.3,257.77,259.94,258.2,251.73,258.2,259.5,249.15,250.01,259.07,260.37,247.86,250.87,256.9,257.34,248.29,,14,968,28,14.86,
26.01.19 23:02:45,32.57,253.88,258.2,261.24,258.2,255.61,256.9,261.67,258.2,251.3,257.77,259.5,258.2,251.3,258.2,259.07,249.15,250.01,258.64,259.94,247,250.44,257.34,257.77,248.72,,14,968,28,14.86,
26.01.19 23:03:00,32.82,253.88,258.64,260.81,258.64,255.18,257.34,262.11,258.2,251.3,257.77,259.5,258.2,251.3,257.77,259.94,249.15,250.01,258.64,260.37,247,250.44,257.77,257.34,248.72,,14,968,28,14.84,
26.01.19 23:03:15,33.07,253.88,258.64,261.67,258.64,255.61,257.34,262.11,258.2,251.3,258.2,259.94,258.2,251.73,258.2,259.5,249.58,250.44,258.64,260.81,247,250.87,257.34,257.34,248.72,,14,968,28,14.84,
26.01.19 23:03:30,33.32,253.45,258.64,261.24,258.64,255.18,256.47,261.67,257.77,251.3,257.34,259.5,258.2,251.3,258.2,258.64,249.15,250.01,258.64,259.5,247,250.87,257.34,256.9,248.72,,14,968,28,14.84,
26.01.19 23:03:45,33.57,253.88,258.64,260.81,258.2,254.74,257.34,261.67,258.2,250.87,257.77,259.5,258.2,251.73,258.2,259.07,249.15,250.01,258.64,259.94,247.43,250.87,256.9,257.34,248.29,,14,968,28,14.84,
26.01.19 23:04:00,33.82,254.31,259.07,260.81,259.07,255.61,257.34,261.67,258.2,251.3,257.77,259.94,258.64,251.73,258.2,259.5,250.01,250.44,259.07,260.37,247.43,250.87,257.77,257.77,248.72,,14,968,28,14.84,
26.01.19 23:04:15,34.07,254.31,258.64,261.24,258.64,255.18,257.77,261.67,258.64,250.87,258.2,259.94,257.77,251.73,258.2,259.07,250.01,250.44,259.07,260.37,247.43,251.3,257.34,257.77,248.72,,14,968,28,14.84,
26.01.19 23:04:30,34.32,253.88,258.64,261.24,258.64,255.18,257.34,261.67,258.64,250.87,257.34,259.5,258.2,252.16,258.2,258.64,249.58,250.01,258.2,259.94,247.43,250.87,257.77,257.77,248.29,,14,968,28,14.82,
26.01.19 23:04:45,34.57,253.88,258.2,260.81,258.2,254.74,256.47,261.24,257.77,250.87,257.34,259.07,258.2,251.3,257.77,259.07,249.15,250.01,258.2,259.5,246.58,250.44,257.34,257.34,248.29,,14,968,28,14.82,
26.01.19 23:05:00,34.82,253.45,257.77,260.81,257.77,254.31,256.9,261.67,258.2,250.87,257.34,259.5,258.64,251.3,257.77,259.07,249.15,250.01,258.2,259.5,247,250.87,257.34,256.9,248.29,,14,968,28,14.82,
26.01.19 23:05:15,35.07,253.88,257.77,260.81,258.2,254.74,256.47,260.81,257.34,250.44,256.9,259.94,258.2,250.87,257.77,258.64,249.15,249.58,258.2,259.94,246.58,250.44,256.9,256.9,248.72,,14,968,28,14.82,
26.01.19 23:05:30,35.32,253.88,257.77,260.81,257.77,254.31,256.47,260.81,257.34,250.44,256.9,259.07,258.2,251.3,257.77,258.64,249.15,250.01,258.2,259.5,247,250.44,256.9,256.9,248.29,,14,968,28,14.81,
26.01.19 23:05:45,35.57,253.45,257.34,260.81,258.2,254.74,256.47,260.81,257.34,250.01,256.9,259.07,257.77,251.3,257.77,258.64,248.72,250.01,258.2,259.07,247,250.01,256.9,256.9,247.43,,14,968,28,14.82,
26.01.19 23:06:00,35.82,253.02,258.2,260.81,258.2,254.31,256.47,261.24,257.77,249.58,256.04,259.07,257.77,251.3,257.34,258.64,249.15,249.58,257.77,259.94,246.15,250.01,256.47,256.9,248.29,,14,968,28,14.81,
26.01.19 23:06:15,36.07,253.88,257.77,260.81,257.77,254.74,256.47,261.67,257.77,250.87,256.9,259.07,258.2,251.3,257.77,258.64,248.72,250.01,258.2,259.5,247,250.44,256.9,256.9,248.72,,14,968,28,14.79,
26.01.19 23:06:30,36.32,253.88,258.2,261.24,257.77,254.74,256.04,261.24,257.34,250.44,256.47,259.5,257.77,251.3,257.77,258.64,248.72,249.58,258.2,259.5,246.58,250.44,256.9,257.34,248.29,,14,968,28,14.81,
26.01.19 23:06:45,36.57,253.88,258.2,260.81,258.2,253.88,256.47,260.37,256.9,250.44,256.9,259.07,257.77,250.87,257.34,258.64,249.15,249.58,257.77,259.5,246.58,250.44,256.9,256.9,248.29,,14,968,28,14.79,
26.01.19 23:07:00,36.82,253.88,258.64,260.81,257.77,255.18,256.9,260.81,257.34,250.44,256.9,259.5,257.34,250.87,257.77,258.64,249.15,250.01,258.64,259.5,246.58,250.01,256.9,257.34,248.72,,14,968,28,14.79,
26.01.19 23:07:15,37.07,253.02,257.77,260.37,257.34,254.31,256.04,260.81,256.47,250.44,256.47,259.5,257.34,250.87,256.9,258.64,249.15,249.58,258.2,259.5,246.58,250.01,256.47,256.9,247.86,,14,968,28,14.79,
26.01.19 23:07:30,37.32,253.88,257.34,260.37,257.77,254.31,256.04,260.37,257.34,250.01,256.47,259.07,257.77,250.87,256.9,258.64,249.15,249.58,258.2,259.5,246.58,250.01,256.9,256.47,248.29,,14,968,28,14.79,
26.01.19 23:07:45,37.57,252.59,257.34,260.37,257.77,253.45,255.18,260.81,256.9,249.58,256.04,258.2,257.34,250.44,256.47,258.2,248.72,248.72,257.34,259.07,245.72,249.58,256.47,256.47,247.86,,14,968,28,14.79,
26.01.19 23:08:00,37.82,253.88,257.77,260.81,257.77,254.74,256.04,261.24,257.34,250.01,256.47,259.07,258.2,250.87,257.77,258.2,249.15,249.58,258.2,259.5,247,250.44,256.47,256.9,248.29,,14,968,28,14.79,
26.01.19 23:08:15,38.07,253.02,257.77,259.94,257.77,254.31,256.04,261.24,257.34,250.44,256.47,259.07,257.77,250.87,257.34,258.2,249.15,249.58,258.2,259.07,246.58,250.44,256.9,256.9,247.86,,14,968,28,14.77,
26.01.19 23:08:31,38.33,253.88,258.2,260.81,257.77,253.88,255.61,260.81,257.34,250.01,256.47,259.07,257.34,250.44,256.9,257.77,249.15,249.58,258.2,259.07,246.15,250.01,256.47,256.9,247.86,,14,968,28,14.79,
26.01.19 23:08:46,38.58,253.45,257.34,259.94,257.34,254.31,255.18,260.81,257.34,249.58,256.47,258.64,257.34,250.44,256.9,258.2,249.15,249.58,257.77,258.64,246.58,250.01,256.47,256.9,247.86,,14,968,28,14.77,
26.01.19 23:09:01,38.83,253.88,256.9,260.81,257.77,254.31,255.61,260.37,257.34,250.01,256.04,259.07,257.77,250.44,256.9,258.2,248.72,249.15,257.77,258.64,245.72,250.01,256.47,256.47,247.43,,14,968,28,14.77,
26.01.19 23:09:16,39.08,253.02,256.9,260.37,257.34,253.88,255.18,260.81,257.34,249.15,256.04,257.77,257.34,250.01,256.9,258.2,248.72,249.15,257.77,258.64,246.15,249.58,256.47,256.47,247.86,,14,968,28,14.77,
26.01.19 23:09:31,39.33,253.45,257.77,260.37,258.2,253.88,256.04,260.81,257.34,249.58,256.47,259.07,257.77,250.87,256.9,257.77,249.58,249.15,258.2,259.07,246.15,250.01,256.9,256.9,247.86,,14,968,28,14.75,
26.01.19 23:09:46,39.58,253.02,256.9,259.5,257.34,253.88,255.18,259.94,256.9,248.72,256.04,258.64,256.9,250.01,256.47,257.34,248.72,248.72,256.9,258.64,245.72,249.58,256.04,256.04,247.43,,14,968,28,14.75,
26.01.19 23:10:01,39.83,253.02,256.9,259.94,257.34,253.88,255.61,260.37,256.47,249.15,256.04,258.64,256.9,250.01,256.47,257.77,248.72,249.15,257.77,258.64,245.72,249.58,256.04,256.04,247.43,,14,968,28,14.75,
26.01.19 23:10:16,40.08,252.59,256.9,259.94,257.34,253.88,255.18,260.37,256.47,249.15,255.61,258.2,257.34,250.01,256.47,257.34,248.29,248.72,257.34,258.2,245.72,249.15,256.04,256.04,247.43,,14,968,28,14.75,
26.01.19 23:10:31,40.33,253.02,256.9,259.94,257.34,253.45,255.18,259.94,256.9,248.72,255.61,259.07,256.9,250.44,256.9,258.2,248.72,249.15,257.34,258.64,245.72,248.72,256.04,256.04,247.43,,14,968,28,14.75,
26.01.19 23:10:46,40.58,252.59,256.47,259.94,256.47,253.45,254.74,259.94,256.47,248.72,256.04,258.64,256.9,250.01,256.04,257.34,248.29,248.72,256.9,257.77,245.29,249.15,255.61,256.04,247,,14,968,28,14.73,
26.01.19 23:11:01,40.83,253.02,257.34,259.94,257.34,253.45,255.18,259.94,256.47,249.15,255.61,258.2,256.9,250.01,256.47,257.77,248.72,248.29,257.34,258.2,245.72,250.01,256.04,256.04,247.86,,14,968,28,14.75,
26.01.19 23:11:16,41.08,252.59,256.9,259.5,256.9,253.02,254.74,259.94,256.47,248.72,255.18,258.2,256.47,249.58,256.04,256.9,248.72,248.72,256.9,258.2,245.72,249.15,255.61,255.61,247.43,,14,968,28,14.75,
26.01.19 23:11:31,41.33,252.59,257.34,259.94,257.34,253.45,255.18,260.37,256.9,248.72,255.18,258.64,256.9,250.44,256.47,256.9,248.72,249.15,257.34,259.07,246.58,249.58,256.47,256.04,247.43,,14,968,28,14.73,
26.01.19 23:11:46,41.58,252.59,256.9,259.94,256.9,253.45,254.74,260.37,256.47,248.72,256.04,258.2,257.34,250.01,256.47,257.34,249.15,248.72,257.34,258.64,246.15,249.15,256.47,256.04,247.43,,14,968,28,14.72,
26.01.19 23:12:01,41.83,253.02,257.34,259.94,256.9,253.45,255.61,259.94,256.47,249.15,255.61,258.64,257.77,250.01,256.47,257.77,248.29,249.15,257.34,258.64,245.72,249.58,256.04,256.04,247.86,,14,968,28,14.73,
26.01.19 23:12:16,42.08,252.59,256.9,259.5,257.77,253.45,254.74,259.94,256.47,248.29,255.61,258.64,256.9,249.58,256.04,257.34,248.72,249.15,256.9,258.2,245.72,249.15,256.04,255.61,247,,14,968,28,14.73,
26.01.19 23:12:31,42.33,252.59,256.9,259.94,256.9,253.45,255.18,259.94,256.9,248.72,255.61,257.77,257.34,250.01,256.47,256.9,248.72,248.72,257.34,258.2,245.72,249.15,256.04,256.04,247.43,,14,968,28,14.72,
26.01.19 23:12:46,42.58,252.59,256.9,259.5,257.34,253.02,254.74,259.94,256.04,248.72,255.61,258.2,256.9,249.15,256.47,257.34,248.72,249.15,256.9,258.2,245.72,249.15,256.04,256.04,247.43,,14,968,28,14.73,
26.01.19 23:13:01,42.83,252.59,256.9,259.94,256.9,253.45,254.74,259.5,256.9,248.29,255.61,257.77,256.9,249.58,256.04,256.47,248.72,248.72,256.9,257.77,245.72,249.15,255.61,255.61,247,,14,968,28,14.72,
26.01.19 23:13:16,43.08,253.02,256.9,259.94,257.34,253.45,255.18,259.94,256.47,248.72,255.18,258.64,256.9,249.58,256.04,256.47,249.15,248.29,256.9,257.77,245.29,249.15,255.61,256.04,247,,14,968,28,14.72,
26.01.19 23:13:31,43.33,252.16,256.9,259.5,256.9,253.45,254.74,260.37,256.04,248.29,255.18,258.2,256.9,250.01,255.61,256.9,248.29,248.72,256.9,258.2,245.72,249.15,255.61,256.04,247,,14,968,28,14.72,
26.01.19 23:13:46,43.58,252.16,256.47,259.07,256.9,253.45,254.74,259.5,256.04,247.86,254.74,258.2,256.9,249.58,256.47,256.9,248.72,248.29,256.47,257.34,244.86,249.15,255.61,256.04,247.43,,14,968,28,14.72,
26.01.19 23:14:01,43.83,252.59,256.9,259.5,256.9,253.45,254.74,259.94,256.04,247.43,255.18,258.64,256.9,250.01,256.04,257.34,248.72,248.72,257.34,257.77,244.86,248.72,255.61,255.61,247,,14,968,28,14.72,
26.01.19 23:14:16,44.08,252.16,256.04,259.94,256.47,253.45,255.18,259.94,256.47,248.29,255.18,258.64,256.9,249.58,256.04,256.9,247.86,248.72,256.9,257.77,245.29,248.72,255.61,256.04,247.43,,14,968,28,14.7,
26.01.19 23:14:31,44.33,253.02,256.47,259.5,257.34,253.02,254.31,259.94,256.47,248.29,254.31,258.2,256.9,249.15,256.04,256.47,248.72,248.72,256.9,257.77,245.29,248.72,255.61,256.04,247.43,,14,968,28,14.7,
26.01.19 23:14:46,44.58,252.59,256.47,258.64,256.9,253.02,253.45,259.07,255.61,247.86,254.74,258.2,256.47,249.15,255.61,256.47,247.86,247.86,256.47,257.77,245.29,248.72,255.18,255.61,247,,14,968,28,14.7,
26.01.19 23:15:01,44.83,252.59,255.61,259.5,256.9,253.02,254.74,259.07,256.04,247.86,254.74,258.2,256.9,249.58,255.61,256.47,248.72,247.86,256.04,257.77,244.86,248.72,255.18,255.18,247,,14,968,28,14.7,
26.01.19 23:15:16,45.08,252.16,256.47,258.64,257.34,253.45,253.88,259.5,256.04,247.86,254.74,258.2,256.04,249.15,255.61,256.47,248.29,248.29,256.47,257.77,244.86,248.72,255.61,256.04,247,,14,968,28,14.7,
26.01.19 23:15:31,45.33,252.16,255.61,259.07,256.47,253.45,254.74,259.5,256.04,247.43,254.74,258.2,256.9,249.15,255.61,256.04,247.86,248.29,256.47,256.9,244.86,248.29,255.18,255.61,247,,14,968,28,14.7,
26.01.19 23:15:46,45.58,251.73,256.04,258.64,256.47,252.16,253.45,259.07,255.61,247.43,254.74,258.2,255.61,249.15,255.61,256.04,247.43,247.86,256.47,256.9,244.44,248.29,254.74,255.18,246.58,,14,968,28,14.7,
26.01.19 23:16:01,45.83,252.16,256.04,259.94,256.9,253.02,254.74,259.94,256.04,247.43,254.74,258.2,256.47,249.58,255.61,256.47,248.29,248.29,256.9,257.77,245.29,249.15,255.61,255.61,247,,14,968,28,14.7,
26.01.19 23:16:16,46.08,252.59,256.04,259.07,256.9,253.02,254.31,259.07,256.47,247.43,254.74,257.77,256.47,249.15,255.18,256.04,248.29,247.86,256.47,257.77,244.86,248.29,255.18,255.61,247,,14,968,28,14.68,
26.01.19 23:16:31,46.33,252.16,255.61,259.07,256.47,252.59,254.31,259.07,256.04,247.86,254.31,257.77,256.47,248.29,255.18,256.47,248.29,247.86,256.04,257.34,244.86,248.72,254.74,255.18,247,,14,968,28,14.68,
26.01.19 23:16:46,46.58,252.16,256.04,259.5,256.47,253.02,254.31,259.07,256.04,247.43,254.31,257.77,256.47,249.15,255.61,256.04,248.72,248.29,256.04,257.34,245.29,248.72,255.18,255.18,247,,14,968,28,14.68,
26.01.19 23:17:01,46.83,252.59,255.18,259.5,256.47,252.59,253.88,259.07,255.61,247,254.74,257.77,256.04,249.15,255.18,256.47,248.72,247.86,256.04,257.34,244.86,248.72,254.74,255.61,247,,14,968,28,14.68,
26.01.19 23:17:16,47.08,251.73,255.61,259.07,256.9,252.59,253.45,259.07,255.18,247.43,254.31,257.34,256.47,248.72,255.18,255.61,248.29,247.86,256.04,256.47,244.86,248.29,254.74,255.18,246.58,,14,968,28,14.68,
26.01.19 23:17:31,47.33,252.16,256.04,258.64,256.47,252.59,253.88,258.64,255.61,247,254.31,257.77,256.47,248.72,255.61,256.04,248.72,247.86,256.04,257.34,244.86,248.29,255.18,255.18,246.15,,14,968,28,14.66,
26.01.19 23:17:46,47.58,251.73,255.61,259.07,256.47,252.16,253.45,259.5,255.61,247,254.31,257.34,255.61,248.72,255.18,256.04,247.86,247.43,255.61,257.34,244.86,248.29,254.74,254.74,247,,14,968,28,14.66,
26.01.19 23:18:01,47.83,252.16,256.04,259.07,256.9,252.59,253.88,259.07,256.04,247.43,254.31,258.2,256.04,248.72,254.74,256.04,248.29,247.86,256.04,256.9,244.86,248.72,254.74,255.61,247,,14,968,28,14.66,
26.01.19 23:18:16,48.08,252.59,256.04,258.64,256.47,252.59,253.88,259.5,256.04,247,254.31,257.34,256.47,249.15,254.74,255.61,248.29,247.86,255.61,256.9,244.86,248.72,254.74,254.74,246.58,,14,968,28,14.66,
26.01.19 23:18:31,48.33,251.73,256.04,259.07,256.9,252.59,254.31,258.64,256.47,247.43,254.31,258.2,256.9,249.15,255.18,256.47,248.72,247.86,256.04,257.34,244.86,248.29,255.18,255.18,247,,14,968,28,14.65,
26.01.19 23:18:46,48.58,251.3,255.61,259.07,256.9,252.59,253.88,259.07,256.04,247,254.31,258.2,256.04,248.72,254.74,256.04,247.86,247.86,256.04,256.9,244.86,248.29,254.74,255.61,247,,14,968,28,14.65,
26.01.19 23:19:01,48.83,251.73,255.61,259.07,256.47,252.59,253.88,259.5,255.61,247,254.31,258.2,256.47,249.15,255.18,255.61,248.29,247.86,256.47,257.34,244.86,248.29,254.74,255.18,246.58,,14,968,28,14.65,
26.01.19 23:19:16,49.08,251.73,256.04,258.2,256.47,252.16,253.45,259.07,255.61,247,253.88,257.77,256.04,248.72,254.74,255.61,247.86,247.86,256.04,256.47,244.86,247.86,254.74,254.74,246.58,,14,968,28,14.65,
26.01.19 23:19:31,49.33,251.73,256.04,258.64,256.47,252.59,253.45,259.07,255.61,246.58,254.31,257.34,256.04,248.72,255.18,255.61,247.86,247.86,256.04,256.04,244.86,248.29,254.74,254.74,246.58,,14,968,28,14.64,
26.01.19 23:19:46,49.58,252.16,255.61,258.64,256.47,251.73,253.45,258.64,255.18,246.58,253.88,257.34,256.04,248.29,254.74,255.61,247.86,247.43,255.61,256.47,244.44,247.86,254.31,254.74,246.58,,14,968,28,14.64,
26.01.19 23:20:01,49.83,251.73,255.61,259.07,256.47,252.59,253.45,259.07,255.61,246.58,253.88,257.34,256.47,248.29,255.18,255.61,247.43,247.86,256.04,256.9,244.44,248.29,254.74,254.74,246.58,,14,968,28,14.64,
26.01.19 23:20:16,50.08,252.16,255.61,258.64,256.47,252.59,253.45,259.07,255.18,246.58,253.88,257.77,256.47,248.72,254.74,255.18,247.86,247.86,255.61,256.9,244.44,247.86,254.74,254.74,246.15,,14,968,28,14.64,
26.01.19 23:20:32,50.35,251.3,255.61,258.64,256.47,253.02,253.02,258.64,256.04,246.58,253.88,257.77,255.61,247.86,254.31,255.61,248.29,247.86,256.04,256.9,244.86,248.29,255.18,253.88,247,,14,968,28,14.64,
26.01.19 23:20:47,50.6,251.73,256.04,259.07,256.9,252.16,253.02,259.07,255.18,247,254.31,257.34,256.04,248.72,254.74,256.04,248.29,247.86,256.04,256.9,245.29,248.29,254.74,254.74,247.43,,14,968,28,14.63,
26.01.19 23:21:02,50.85,252.16,255.61,259.07,256.47,252.16,253.88,259.07,255.18,246.58,253.88,257.34,256.04,248.29,255.18,255.61,248.29,247.86,255.61,256.9,244.86,247.86,255.18,255.18,246.58,,14,968,28,14.64,
