"","Date.Time","TMP_T0","pH_T0","Sal","TMP_T2","pH_T2","TMP_T1","pH_T1","TMP_T3","pH_T3"
"4",2019-02-01 00:00:00,"14.0","6.81","0.0","14.0","7.63","14.3","7.70","14.0","6.79"
"5",2019-02-01 00:10:00,"14.0","6.83","0.0","14.0","7.63","14.3","7.70","14.0","6.79"
"6",2019-02-01 00:20:00,"14.0","6.80","0.0","14.0","7.63","14.3","7.70","14.0","6.80"
"7",2019-02-01 00:30:00,"14.0","6.79","0.0","14.0","7.63","14.3","7.70","14.0","6.82"
"8",2019-02-01 00:40:00,"14.1","6.83","0.0","14.0","7.63","14.3","7.70","14.0","6.81"
"9",2019-02-01 00:50:00,"14.1","6.81","0.0","14.0","7.65","14.3","7.70","14.0","6.79"
"10",2019-02-01 01:00:00,"14.1","6.80","0.0","14.0","7.64","14.3","7.70","14.0","6.80"
"11",2019-02-01 01:10:00,"14.1","6.79","0.0","14.0","7.64","14.3","7.70","14.0","6.82"
"12",2019-02-01 01:20:00,"14.1","6.83","0.0","14.0","7.64","14.3","7.70","14.0","6.82"
"13",2019-02-01 01:30:00,"14.1","6.81","0.0","14.0","7.64","14.3","7.70","14.0","6.81"
"14",2019-02-01 01:40:00,"14.1","6.80","0.0","14.0","7.64","14.4","7.70","14.0","6.79"
"15",2019-02-01 01:50:00,"14.1","6.79","0.0","14.0","7.64","14.4","7.70","14.0","6.82"
"16",2019-02-01 02:00:00,"14.1","6.81","0.0","14.0","7.64","14.4","7.70","14.0","6.81"
"17",2019-02-01 02:10:00,"14.1","6.83","0.0","14.0","7.64","14.4","7.70","14.0","6.79"
"18",2019-02-01 02:20:00,"14.1","6.81","0.0","14.0","7.64","14.4","7.71","14.0","6.82"
"19",2019-02-01 02:30:00,"14.1","6.80","0.0","14.1","7.64","14.4","7.70","14.0","6.81"
"20",2019-02-01 02:40:00,"14.1","6.81","0.0","14.1","7.64","14.4","7.71","14.0","6.79"
"21",2019-02-01 02:50:00,"14.1","6.83","0.0","14.1","7.64","14.4","7.71","14.0","6.82"
"22",2019-02-01 03:00:00,"14.1","6.81","0.0","14.1","7.64","14.4","7.72","14.0","6.81"
"23",2019-02-01 03:10:00,"14.1","6.80","0.0","14.1","7.64","14.4","7.72","14.0","6.79"
"24",2019-02-01 03:20:00,"14.1","6.79","0.0","14.1","7.64","14.5","7.72","14.0","6.80"
"25",2019-02-01 03:30:00,"14.1","6.83","0.0","14.1","7.64","14.5","7.72","14.0","6.82"
"26",2019-02-01 03:40:00,"14.1","6.81","0.0","14.1","7.64","14.5","7.72","14.0","6.81"
"27",2019-02-01 03:50:00,"14.1","6.81","0.0","14.1","7.64","14.5","7.72","14.0","6.79"
"28",2019-02-01 04:00:00,"14.1","6.80","0.0","14.1","7.64","14.5","7.72","14.0","6.82"
"29",2019-02-01 04:10:00,"14.1","6.79","0.0","14.1","7.64","14.5","7.72","14.0","6.82"
"30",2019-02-01 04:20:00,"14.1","6.83","0.0","14.1","7.64","14.5","7.72","14.0","6.81"
"31",2019-02-01 04:30:00,"14.1","6.81","0.0","14.1","7.64","14.5","7.72","14.0","6.79"
"32",2019-02-01 04:40:00,"14.1","6.80","0.0","14.1","7.64","14.5","7.72","14.0","6.80"
"33",2019-02-01 04:50:00,"14.1","6.80","0.0","14.1","7.64","14.5","7.72","14.0","6.82"
"34",2019-02-01 05:00:00,"14.1","6.81","0.0","14.1","7.64","14.5","7.72","14.1","6.82"
"35",2019-02-01 05:10:00,"14.1","6.83","0.0","14.1","7.64","14.5","7.72","14.1","6.81"
"36",2019-02-01 05:20:00,"14.1","6.81","0.0","14.1","7.64","14.5","7.72","14.1","6.79"
"37",2019-02-01 05:30:00,"14.1","6.80","0.0","14.1","7.64","14.5","7.72","14.1","6.79"
"38",2019-02-01 05:40:00,"14.1","6.79","0.0","14.1","7.64","14.5","7.72","14.1","6.80"
"39",2019-02-01 05:50:00,"14.1","6.81","0.0","14.1","7.64","14.5","7.72","14.1","6.82"
"40",2019-02-01 06:00:00,"14.1","6.83","0.0","14.1","7.65","14.5","7.72","14.1","6.82"
"41",2019-02-01 06:10:00,"14.1","6.81","0.0","14.1","7.65","14.5","7.72","14.1","6.81"
"42",2019-02-01 06:20:00,"14.1","6.80","0.0","14.1","7.65","14.5","7.72","14.1","6.79"
"43",2019-02-01 06:30:00,"14.2","6.80","0.0","14.1","7.65","14.5","7.72","14.1","6.82"
"44",2019-02-01 06:40:00,"14.2","6.79","0.0","14.1","7.65","14.5","7.72","14.1","6.81"
"45",2019-02-01 06:50:00,"14.2","6.83","0.0","14.1","7.65","14.5","7.72","14.1","6.79"
"46",2019-02-01 07:00:00,"14.2","6.81","0.0","14.1","7.65","14.5","7.72","14.1","6.80"
"47",2019-02-01 07:10:00,"14.2","6.80","0.0","14.1","7.65","14.5","7.72","14.1","6.82"
"48",2019-02-01 07:20:00,"14.2","6.80","0.0","14.1","7.65","14.5","7.72","14.1","6.81"
"49",2019-02-01 07:30:00,"14.2","6.79","0.0","14.1","7.65","14.5","7.72","14.1","6.80"
"50",2019-02-01 07:40:00,"14.2","6.83","0.0","14.1","7.65","14.5","7.72","14.1","6.82"
"51",2019-02-01 07:50:00,"14.2","6.83","0.0","14.1","7.65","14.5","7.72","14.1","6.81"
"52",2019-02-01 08:00:00,"14.2","6.81","0.0","14.2","7.65","14.6","7.72","14.1","6.79"
"53",2019-02-01 08:10:00,"14.2","6.80","0.0","14.2","7.65","14.6","7.72","14.1","6.82"
"54",2019-02-01 08:20:00,"14.2","6.79","0.0","14.2","7.65","14.6","7.72","14.1","6.81"
"55",2019-02-01 08:30:00,"14.2","6.81","0.0","14.2","7.65","14.6","7.72","14.1","6.79"
"56",2019-02-01 08:40:00,"14.2","6.83","0.0","14.2","7.65","14.6","7.72","14.2","6.82"
"57",2019-02-01 08:50:00,"14.2","6.81","0.0","14.2","7.65","14.6","7.72","14.2","6.82"
"58",2019-02-01 09:00:00,"14.2","6.80","0.0","14.2","7.65","14.6","7.72","14.2","6.79"
"59",2019-02-01 09:10:00,"14.2","6.80","0.0","14.2","7.65","14.6","7.72","14.2","6.80"
"60",2019-02-01 09:20:00,"14.2","6.79","0.0","14.2","7.65","14.6","7.72","14.2","6.82"
"61",2019-02-01 09:30:00,"14.2","6.83","0.0","14.2","7.65","14.6","7.72","14.2","6.81"
"62",2019-02-01 09:40:00,"14.2","6.83","0.0","14.2","7.65","14.6","7.72","14.2","6.79"
"63",2019-02-01 09:50:00,"14.2","6.81","0.0","14.2","7.65","14.6","7.72","14.2","6.80"
"64",2019-02-01 10:00:00,"14.2","6.80","0.0","14.2","7.65","14.6","7.72","14.2","6.82"
"65",2019-02-01 10:10:00,"14.2","6.80","0.0","14.2","7.65","14.6","7.72","14.2","6.79"
"66",2019-02-01 10:20:00,"14.2","6.79","0.0","14.2","7.65","14.6","7.72","14.2","6.80"
"67",2019-02-01 10:30:00,"14.2","6.83","0.0","14.2","7.65","14.6","7.72","14.2","6.82"
"68",2019-02-01 10:40:00,"14.2","6.83","0.0","14.2","7.65","14.6","7.72","14.2","6.79"
"69",2019-02-01 10:50:00,"14.2","6.81","0.0","14.2","7.65","14.6","7.72","14.2","6.80"
"70",2019-02-01 11:00:00,"14.2","6.80","0.0","14.2","7.65","14.6","7.72","14.2","6.82"
"71",2019-02-01 11:10:00,"14.2","6.80","0.0","14.2","7.65","14.6","7.72","14.2","6.79"
"72",2019-02-01 11:20:00,"14.2","6.79","0.0","14.2","7.65","14.6","7.72","14.2","6.82"
"73",2019-02-01 11:30:00,"14.2","6.81","0.0","14.2","7.65","14.6","7.72","14.2","6.81"
"74",2019-02-01 11:40:00,"14.2","6.83","0.0","14.2","7.65","14.6","7.72","14.2","6.80"
"75",2019-02-01 11:50:00,"14.2","6.81","0.0","14.2","7.65","14.6","7.72","14.2","6.82"
"76",2019-02-01 12:00:00,"14.2","6.81","0.0","14.2","7.65","14.6","7.72","14.2","6.79"
"77",2019-02-01 12:10:00,"14.2","6.80","0.0","14.2","7.65","14.6","7.72","14.2","6.82"
"78",2019-02-01 12:20:00,"14.2","6.79","0.0","14.2","7.65","14.6","7.72","14.2","6.81"
"79",2019-02-01 12:30:00,"14.2","6.82","0.0","14.2","7.65","14.6","7.72","14.2","6.79"
"80",2019-02-01 12:40:00,"14.2","6.83","0.0","14.2","7.65","14.6","7.72","14.2","6.82"
"81",2019-02-01 12:50:00,"14.2","6.81","0.0","14.2","7.65","14.6","7.72","14.2","6.81"
"82",2019-02-01 13:00:00,"14.2","6.80","0.0","14.2","7.65","14.6","7.72","14.2","6.80"
"83",2019-02-01 13:10:00,"14.2","6.79","0.0","14.2","7.65","14.6","7.72","14.2","6.82"
"84",2019-02-01 13:20:00,"14.2","6.81","0.0","14.2","7.65","14.6","7.72","14.2","6.79"
"85",2019-02-01 13:30:00,"14.2","6.83","0.0","14.2","7.65","14.6","7.73","14.2","6.80"
"86",2019-02-01 13:40:00,"14.2","6.81","0.0","14.2","7.66","14.6","7.73","14.2","6.82"
"87",2019-02-01 13:50:00,"14.2","6.81","0.0","14.2","7.66","14.6","7.73","14.2","6.79"
"88",2019-02-01 14:00:00,"14.2","6.80","0.0","14.2","7.66","14.6","7.73","14.2","6.82"
"89",2019-02-01 14:10:00,"14.2","6.80","0.0","14.2","7.66","14.6","7.73","14.2","6.79"
"90",2019-02-01 14:20:00,"14.2","6.80","0.0","14.2","7.66","14.6","7.73","14.2","6.82"
"91",2019-02-01 14:30:00,"14.2","6.79","0.0","14.2","7.66","14.6","7.73","14.2","6.81"
"92",2019-02-01 14:40:00,"14.2","6.83","0.0","14.2","7.66","14.6","7.74","14.2","6.80"
"93",2019-02-02 15:50:00,"12.0","7.79","0.0","11.8","7.69","12.2","7.85","11.9","6.30"
"94",2019-02-02 16:00:00,"12.0","7.76","0.0","11.8","7.67","12.2","7.84","11.9","6.28"
"95",2019-02-02 16:10:00,"12.0","7.72","0.0","11.8","7.94","12.2","7.83","11.8","7.60"
"96",2019-02-02 16:20:00,"11.9","7.72","0.0","11.8","7.84","12.2","7.83","11.8","8.12"
"97",2019-02-02 16:30:00,"11.9","7.72","0.0","11.8","7.85","12.2","7.83","11.8","8.31"
"98",2019-02-02 16:40:00,"11.9","7.72","0.0","11.8","7.86","12.2","7.83","11.8","8.43"
"99",2019-02-02 16:50:00,"11.8","7.73","0.0","11.7","7.87","12.1","7.83","11.8","8.47"
"100",2019-02-02 17:00:00,"11.8","7.73","0.0","11.7","7.88","12.1","7.85","11.8","8.63"
"101",2019-02-02 17:10:00,"11.8","7.69","0.0","11.7","7.88","12.1","7.85","11.7","8.07"
"102",2019-02-02 17:20:00,"11.7","7.61","0.0","11.7","7.88","12.1","7.85","11.7","7.83"
"103",2019-02-02 17:30:00,"11.7","7.53","0.0","11.7","7.88","12.1","7.85","11.7","7.70"
"104",2019-02-02 17:40:00,"11.7","7.47","0.0","11.7","7.88","12.1","7.85","11.7","7.43"
"105",2019-02-02 17:50:00,"11.7","7.39","0.0","11.7","7.88","12.1","7.85","11.7","7.18"
"106",2019-02-02 18:00:00,"11.7","7.33","0.0","11.6","7.88","12.0","7.85","11.6","7.04"
"107",2019-02-02 18:10:00,"11.7","7.29","0.0","11.6","7.88","12.1","7.85","11.7","6.95"
"108",2019-02-02 18:20:00,"11.9","7.23","0.0","11.7","7.88","12.1","7.85","11.7","6.89"
"109",2019-02-02 18:30:00,"11.9","7.19","0.0","11.8","7.88","12.2","7.83","11.8","6.84"
"110",2019-02-02 18:40:00,"12.0","7.14","0.0","11.8","7.87","12.2","7.83","11.8","6.82"
"111",2019-02-02 18:50:00,"12.0","7.11","0.0","11.9","7.86","12.3","7.82","11.9","6.82"
"112",2019-02-02 19:00:00,"12.0","7.08","0.0","12.0","7.86","12.3","7.82","12.0","6.81"
"113",2019-02-02 19:10:00,"12.1","7.04","0.0","12.0","7.85","12.5","7.82","12.0","6.81"
"114",2019-02-02 19:20:00,"12.1","7.02","0.0","12.1","7.85","12.5","7.82","12.1","6.81"
"115",2019-02-02 19:30:00,"12.2","7.00","0.0","12.2","7.85","12.6","7.80","12.1","6.82"
"116",2019-02-02 19:40:00,"12.2","6.98","0.0","12.2","7.84","12.6","7.80","12.2","6.82"
"117",2019-02-02 19:50:00,"12.2","6.95","0.0","12.3","7.84","12.7","7.80","12.2","6.81"
"118",2019-02-02 20:00:00,"12.3","6.93","0.0","12.3","7.84","12.7","7.80","12.3","6.81"
"119",2019-02-02 20:10:00,"12.3","6.92","0.0","12.4","7.82","12.8","7.79","12.3","6.82"
"120",2019-02-02 20:20:00,"12.4","6.91","0.0","12.5","7.82","12.8","7.79","12.4","6.82"
"121",2019-02-02 20:30:00,"12.5","6.89","0.0","12.5","7.82","12.9","7.79","12.5","6.82"
"122",2019-02-02 20:40:00,"12.5","6.88","0.0","12.6","7.82","13.0","7.79","12.5","6.82"
"123",2019-02-02 20:50:00,"12.5","6.87","0.0","12.6","7.81","13.0","7.78","12.6","6.82"
"124",2019-02-02 21:00:00,"12.6","6.85","0.0","12.7","7.81","13.1","7.78","12.6","6.82"
"125",2019-02-02 21:10:00,"12.6","6.84","0.0","12.7","7.81","13.1","7.78","12.6","6.82"
"126",2019-02-02 21:20:00,"12.6","6.83","0.0","12.8","7.81","13.2","7.78","12.7","6.82"
"127",2019-02-02 21:30:00,"12.7","6.83","0.0","12.8","7.80","13.2","7.78","12.7","6.82"
"128",2019-02-02 21:40:00,"12.7","6.82","0.0","12.9","7.80","13.3","7.77","12.8","6.79"
"129",2019-02-02 21:50:00,"12.7","6.81","0.0","12.9","7.80","13.3","7.77","12.8","6.81"
"130",2019-02-02 22:00:00,"12.8","6.81","0.0","13.0","7.80","13.3","7.77","12.8","6.81"
"131",2019-02-02 22:10:00,"12.8","6.80","0.0","13.0","7.80","13.4","7.77","12.9","6.81"
"132",2019-02-02 22:20:00,"12.8","6.80","0.0","13.1","7.80","13.4","7.77","12.9","6.82"
"133",2019-02-02 22:30:00,"12.8","6.79","0.0","13.1","7.80","13.5","7.77","13.0","6.82"
"134",2019-02-02 22:40:00,"12.9","6.82","0.0","13.1","7.79","13.5","7.77","13.0","6.82"
"135",2019-02-02 22:50:00,"12.9","6.82","0.0","13.2","7.79","13.5","7.77","13.0","6.82"
"136",2019-02-02 23:00:00,"13.0","6.80","0.0","13.2","7.79","13.6","7.76","13.1","6.82"
"137",2019-02-02 23:10:00,"13.0","6.80","0.0","13.2","7.79","13.6","7.76","13.1","6.82"
"138",2019-02-02 23:20:00,"13.0","6.79","0.0","13.2","7.79","13.6","7.76","13.1","6.82"
"139",2019-02-02 23:30:00,"13.0","6.82","0.0","13.3","7.79","13.6","7.76","13.1","6.82"
"140",2019-02-02 23:40:00,"13.1","6.82","0.0","13.3","7.79","13.7","7.76","13.2","6.82"
"141",2019-02-02 23:50:00,"13.1","6.81","0.0","13.3","7.79","13.7","7.76","13.1","6.82"
"142",2019-02-03 00:00:00,"13.1","6.80","0.0","13.3","7.78","13.7","7.76","13.2","6.82"
"143",2019-02-03 00:10:00,"13.1","6.80","0.0","13.3","7.78","13.7","7.76","13.2","6.82"
"144",2019-02-03 00:20:00,"13.1","6.79","0.0","13.4","7.78","13.8","7.76","13.2","6.82"
"145",2019-02-03 00:30:00,"13.2","6.82","0.0","13.4","7.78","13.8","7.76","13.2","6.82"
"146",2019-02-03 00:40:00,"13.2","6.80","0.0","13.5","7.78","13.8","7.76","13.2","6.82"
"147",2019-02-03 00:50:00,"13.2","6.80","0.0","13.5","7.78","13.8","7.76","13.3","6.82"
"148",2019-02-03 01:00:00,"13.2","6.80","0.0","13.5","7.78","13.8","7.76","13.3","6.82"
"149",2019-02-03 01:10:00,"13.2","6.82","0.0","13.5","7.78","13.8","7.75","13.3","6.82"
"150",2019-02-03 01:20:00,"13.3","6.82","0.0","13.5","7.78","13.9","7.75","13.3","6.82"
"151",2019-02-03 01:30:00,"13.3","6.80","0.0","13.5","7.78","13.9","7.75","13.3","6.81"
"152",2019-02-03 01:40:00,"13.3","6.80","0.0","13.6","7.78","13.9","7.75","13.3","6.82"
"153",2019-02-03 01:50:00,"13.3","6.80","0.0","13.6","7.78","13.9","7.75","13.4","6.82"
"154",2019-02-03 02:00:00,"13.3","6.82","0.0","13.6","7.77","14.0","7.75","13.4","6.82"
"155",2019-02-03 02:10:00,"13.3","6.82","0.0","13.6","7.77","14.0","7.75","13.4","6.82"
"156",2019-02-03 02:20:00,"13.4","6.80","0.0","13.6","7.77","14.0","7.75","13.5","6.82"
"157",2019-02-03 02:30:00,"13.4","6.80","0.0","13.6","7.77","14.0","7.75","13.5","6.82"
"158",2019-02-03 02:40:00,"13.4","6.80","0.0","13.6","7.77","14.0","7.75","13.5","6.81"
"159",2019-02-03 02:50:00,"13.4","6.79","0.0","13.7","7.77","14.0","7.75","13.5","6.81"
"160",2019-02-03 03:00:00,"13.5","6.81","0.0","13.7","7.77","14.0","7.75","13.5","6.82"
"161",2019-02-03 03:10:00,"13.5","6.80","0.0","13.7","7.77","14.1","7.75","13.5","6.80"
"162",2019-02-03 03:20:00,"13.5","6.80","0.0","13.7","7.77","14.1","7.75","13.6","6.82"
"163",2019-02-03 03:30:00,"13.5","6.79","0.0","13.7","7.77","14.1","7.75","13.6","6.82"
"164",2019-02-03 03:40:00,"13.5","6.82","0.0","13.7","7.77","14.1","7.75","13.6","6.82"
"165",2019-02-03 03:50:00,"13.5","6.82","0.0","13.7","7.77","14.1","7.75","13.6","6.82"
"166",2019-02-03 04:00:00,"13.5","6.80","0.0","13.8","7.77","14.1","7.75","13.6","6.82"
"167",2019-02-03 04:10:00,"13.6","6.80","0.0","13.8","7.77","14.1","7.75","13.6","6.82"
"168",2019-02-03 04:20:00,"13.6","6.79","0.0","13.8","7.77","14.1","7.75","13.6","6.82"
"169",2019-02-03 04:30:00,"13.6","6.82","0.0","13.8","7.77","14.2","7.75","13.6","6.81"
"170",2019-02-03 04:40:00,"13.6","6.82","0.0","13.8","7.76","14.2","7.75","13.7","6.79"
"171",2019-02-03 04:50:00,"13.6","6.80","0.0","13.8","7.76","14.2","7.74","13.7","6.81"
"172",2019-02-03 05:00:00,"13.6","6.80","0.0","13.8","7.76","14.2","7.74","13.7","6.82"
"173",2019-02-03 05:10:00,"13.6","6.80","0.0","13.8","7.76","14.2","7.74","13.7","6.81"
"174",2019-02-03 05:20:00,"13.6","6.79","0.0","13.8","7.76","14.2","7.74","13.7","6.82"
"175",2019-02-03 05:30:00,"13.6","6.82","0.0","13.8","7.77","14.2","7.74","13.7","6.82"
"176",2019-02-03 05:40:00,"13.7","6.82","0.0","13.8","7.76","14.2","7.74","13.7","6.82"
"177",2019-02-03 05:50:00,"13.7","6.80","0.0","13.9","7.76","14.2","7.74","13.7","6.82"
"178",2019-02-03 06:00:00,"13.7","6.80","0.0","13.9","7.75","14.2","7.74","13.7","6.82"
"179",2019-02-03 06:10:00,"13.7","6.80","0.0","13.9","7.75","14.2","7.74","13.7","6.82"
"180",2019-02-03 06:20:00,"13.7","6.79","0.0","13.9","7.75","14.3","7.74","13.8","6.82"
"181",2019-02-03 06:30:00,"13.7","6.82","0.0","13.9","7.75","14.3","7.74","13.8","6.82"
"182",2019-02-03 06:40:00,"13.7","6.82","0.0","13.9","7.75","14.3","7.74","13.8","6.82"
"183",2019-02-03 06:50:00,"13.7","6.80","0.0","14.0","7.75","14.3","7.74","13.8","6.82"
"184",2019-02-03 07:00:00,"13.7","6.80","0.0","14.0","7.75","14.3","7.74","13.8","6.82"
"185",2019-02-03 07:10:00,"13.7","6.80","0.0","14.0","7.75","14.3","7.74","13.8","6.82"
"186",2019-02-03 07:20:00,"13.7","6.79","0.0","14.0","7.75","14.3","7.74","13.8","6.82"
"187",2019-02-03 07:30:00,"13.8","6.82","0.0","14.0","7.75","14.3","7.74","13.8","6.82"
"188",2019-02-03 07:40:00,"13.8","6.82","0.0","14.0","7.75","14.3","7.74","13.8","6.81"
"189",2019-02-03 07:50:00,"13.8","6.82","0.0","14.0","7.76","14.3","7.74","13.8","6.81"
"190",2019-02-03 08:00:00,"13.8","6.80","0.0","14.0","7.76","14.3","7.74","13.8","6.80"
"191",2019-02-03 08:10:00,"13.8","6.80","0.0","14.0","7.76","14.3","7.74","13.8","6.82"
"192",2019-02-03 08:20:00,"13.8","6.80","0.0","14.0","7.76","14.3","7.74","13.8","6.82"
"193",2019-02-03 08:30:00,"13.8","6.80","0.0","14.0","7.76","14.3","7.74","13.8","6.81"
"194",2019-02-03 08:40:00,"13.8","6.81","0.0","14.0","7.76","14.3","7.74","13.8","6.82"
"195",2019-02-03 08:50:00,"13.8","6.81","0.0","14.0","7.76","14.3","7.74","13.8","6.82"
"196",2019-02-03 09:00:00,"13.8","6.81","0.0","14.0","7.76","14.3","7.74","13.8","6.82"
"197",2019-02-03 09:10:00,"13.8","6.80","0.0","14.0","7.76","14.3","7.74","13.8","6.82"
"198",2019-02-03 09:20:00,"13.8","6.80","0.0","14.0","7.76","14.3","7.74","13.8","6.82"
"199",2019-02-03 09:30:00,"13.8","6.80","0.0","14.0","7.76","14.3","7.74","13.8","6.82"
"200",2019-02-03 09:40:00,"13.8","6.79","0.0","14.0","7.76","14.3","7.74","13.8","6.82"
"201",2019-02-03 09:50:00,"13.8","6.81","0.0","14.0","7.76","14.3","7.74","13.8","6.82"
"202",2019-02-03 10:00:00,"13.8","6.81","0.0","14.0","7.76","14.3","7.74","13.8","6.82"
"203",2019-02-03 10:10:00,"13.8","6.81","0.0","14.0","7.76","14.3","7.74","13.8","6.82"
"204",2019-02-03 10:20:00,"13.8","6.80","0.0","14.0","7.76","14.3","7.74","13.8","6.82"
"205",2019-02-03 10:30:00,"13.8","6.80","0.0","14.0","7.77","14.3","7.74","13.8","6.81"
"206",2019-02-03 10:40:00,"13.8","6.80","0.0","14.0","7.77","14.3","7.74","13.8","6.82"
"207",2019-02-03 10:50:00,"13.7","6.80","0.0","13.9","7.77","14.3","7.74","13.8","6.82"
"208",2019-02-03 11:00:00,"13.7","6.79","0.0","13.9","7.77","14.3","7.74","13.8","6.82"
"209",2019-02-03 11:10:00,"13.7","6.82","0.0","13.9","7.77","14.3","7.74","13.8","6.82"
"210",2019-02-03 11:20:00,"13.7","6.82","0.0","13.9","7.77","14.2","7.74","13.8","6.82"
"211",2019-02-03 11:30:00,"13.7","6.80","0.0","13.8","7.77","14.2","7.74","13.7","6.82"
"212",2019-02-03 11:40:00,"13.7","6.79","0.0","13.8","7.77","14.2","7.74","13.7","6.82"
"213",2019-02-03 11:50:00,"13.7","6.81","0.0","13.8","7.77","14.2","7.76","13.7","6.82"
"214",2019-02-03 12:00:00,"13.7","6.81","0.0","13.8","7.77","14.2","7.75","13.7","6.82"
"215",2019-02-03 12:10:00,"13.6","6.80","0.0","13.8","7.77","14.1","7.75","13.7","6.82"
"216",2019-02-03 12:20:00,"13.6","6.80","0.0","13.8","7.77","14.1","7.75","13.7","6.82"
"217",2019-02-03 12:30:00,"13.6","6.80","0.0","13.8","7.77","14.1","7.75","13.7","6.82"
"218",2019-02-03 12:40:00,"13.6","6.79","0.0","13.7","7.77","14.1","7.75","13.7","6.82"
"219",2019-02-03 12:50:00,"13.6","6.82","0.0","13.7","7.77","14.1","7.75","13.7","6.82"
"220",2019-02-03 13:00:00,"13.6","6.82","0.0","13.7","7.77","14.1","7.75","13.7","6.82"
"221",2019-02-03 13:10:00,"13.6","6.82","0.0","13.7","7.77","14.1","7.75","13.7","6.82"
"222",2019-02-03 13:20:00,"13.6","6.80","0.0","13.7","7.77","14.1","7.75","13.7","6.82"
"223",2019-02-03 13:30:00,"13.6","6.80","0.0","13.7","7.77","14.1","7.75","13.6","6.82"
"224",2019-02-03 13:40:00,"13.6","6.80","0.0","13.7","7.77","14.1","7.75","13.6","6.82"
"225",2019-02-03 13:50:00,"13.6","6.79","0.0","13.7","7.77","14.1","7.75","13.6","6.82"
"226",2019-02-03 14:00:00,"13.6","6.82","0.0","13.7","7.77","14.1","7.75","13.6","6.81"
"227",2019-02-03 14:10:00,"13.6","6.82","0.0","13.7","7.77","14.1","7.75","13.6","6.82"
"228",2019-02-03 14:20:00,"13.6","6.80","0.0","13.7","7.77","14.0","7.75","13.6","6.81"
"229",2019-02-03 14:30:00,"13.6","6.80","0.0","13.7","7.77","14.0","7.75","13.6","6.82"
"230",2019-02-03 14:40:00,"13.5","6.80","0.0","13.6","7.77","14.0","7.75","13.6","6.82"
"231",2019-02-03 14:50:00,"13.5","6.80","0.0","13.6","7.77","14.0","7.75","13.6","6.82"
"232",2019-02-03 15:00:00,"13.5","6.80","0.0","13.6","7.77","14.0","7.75","13.6","6.82"
"233",2019-02-03 15:10:00,"13.5","6.79","0.0","13.6","7.77","13.9","7.75","13.5","6.82"
"234",2019-02-03 15:20:00,"13.5","6.82","0.0","13.5","7.77","13.9","7.75","13.5","6.82"
"235",2019-02-03 15:30:00,"13.4","6.82","0.0","13.5","7.77","13.8","7.75","13.5","6.82"
"236",2019-02-03 15:40:00,"13.4","6.82","0.0","13.5","7.77","13.8","7.75","13.4","6.81"
"237",2019-02-03 15:50:00,"13.3","6.80","0.0","13.4","7.77","13.8","7.75","13.4","6.82"
"238",2019-02-03 16:00:00,"13.3","6.80","0.0","13.4","7.77","13.7","7.75","13.3","6.82"
"239",2019-02-03 16:10:00,"13.3","6.80","0.0","13.3","7.77","13.7","7.75","13.3","6.82"
"240",2019-02-03 16:20:00,"13.2","6.80","0.0","13.3","7.77","13.7","7.75","13.3","6.82"
"241",2019-02-03 16:30:00,"13.2","6.79","0.0","13.3","7.77","13.6","7.75","13.2","6.82"
"242",2019-02-03 16:40:00,"13.2","6.81","0.0","13.2","7.77","13.6","7.75","13.2","6.82"
"243",2019-02-03 16:50:00,"13.1","6.81","0.0","13.2","7.77","13.6","7.75","13.2","6.79"
"244",2019-02-03 17:00:00,"13.1","6.81","0.0","13.1","7.77","13.5","7.75","13.1","6.82"
"245",2019-02-03 17:10:00,"13.1","6.80","0.0","13.1","7.77","13.4","7.75","13.1","6.82"
"246",2019-02-03 17:20:00,"13.0","6.82","0.0","13.1","7.77","13.4","7.75","13.0","6.79"
"247",2019-02-03 17:30:00,"13.0","6.82","0.0","13.0","7.77","13.3","7.75","13.0","6.82"
"248",2019-02-03 17:40:00,"13.0","6.80","0.0","13.0","7.77","13.3","7.75","13.0","6.82"
"249",2019-02-03 17:50:00,"13.0","6.80","0.0","13.0","7.77","13.3","7.75","12.9","6.82"
"250",2019-02-03 18:00:00,"12.9","6.80","0.0","13.0","7.77","13.2","7.75","12.8","6.82"
"251",2019-02-03 18:10:00,"12.9","6.79","0.0","12.9","7.77","13.2","7.75","12.8","6.82"
"252",2019-02-03 18:20:00,"12.8","6.82","0.0","12.8","7.77","13.2","7.75","12.8","6.81"
"253",2019-02-03 18:30:00,"12.8","6.80","0.0","12.8","7.77","13.1","7.75","12.8","6.82"
"254",2019-02-03 18:40:00,"12.8","6.80","0.0","12.8","7.77","13.1","7.75","12.8","6.82"
"255",2019-02-03 18:50:00,"12.8","6.80","0.0","12.8","7.77","13.1","7.75","12.8","6.82"
"256",2019-02-03 19:00:00,"12.8","6.80","0.0","12.8","7.77","13.1","7.75","12.8","6.82"
"257",2019-02-03 19:10:00,"12.7","6.82","0.0","12.7","7.77","13.1","7.75","12.7","6.82"
"258",2019-02-03 19:20:00,"12.7","6.82","0.0","12.7","7.78","13.0","7.75","12.7","6.82"
"259",2019-02-03 19:30:00,"12.7","6.81","0.0","12.7","7.78","13.0","7.75","12.7","6.82"
"260",2019-02-03 19:40:00,"12.7","6.80","0.0","12.7","7.77","13.0","7.75","12.7","6.82"
"261",2019-02-03 19:50:00,"12.7","6.80","0.0","12.7","7.77","13.0","7.75","12.7","6.82"
"262",2019-02-03 20:00:00,"12.6","6.80","0.0","12.6","7.78","13.0","7.75","12.6","6.82"
"263",2019-02-03 20:10:00,"12.6","6.79","0.0","12.6","7.78","13.0","7.75","12.6","6.82"
"264",2019-02-03 20:20:00,"12.6","6.82","0.0","12.6","7.78","12.9","7.75","12.6","6.82"
"265",2019-02-03 20:30:00,"12.6","6.82","0.0","12.6","7.78","12.9","7.75","12.5","6.81"
"266",2019-02-03 20:40:00,"12.6","6.80","0.0","12.6","7.78","12.9","7.75","12.5","6.82"
"267",2019-02-03 20:50:00,"12.6","6.80","0.0","12.6","7.78","12.9","7.75","12.5","6.82"
"268",2019-02-03 21:00:00,"12.6","6.80","0.0","12.6","7.78","12.8","7.75","12.5","6.81"
"269",2019-02-03 21:10:00,"12.6","6.80","0.0","12.6","7.78","12.8","7.75","12.5","6.82"
"270",2019-02-03 21:20:00,"12.6","6.82","0.0","12.5","7.78","12.8","7.75","12.5","6.82"
"271",2019-02-03 21:30:00,"12.5","6.82","0.0","12.5","7.78","12.8","7.75","12.5","6.82"
"272",2019-02-03 21:40:00,"12.5","6.82","0.0","12.5","7.78","12.8","7.75","12.5","6.82"
"273",2019-02-03 21:50:00,"12.5","6.80","0.0","12.5","7.78","12.8","7.75","12.5","6.82"
"274",2019-02-03 22:00:00,"12.5","6.80","0.0","12.5","7.78","12.8","7.75","12.5","6.82"
"275",2019-02-03 22:10:00,"12.5","6.80","0.0","12.5","7.78","12.8","7.75","12.4","6.82"
"276",2019-02-03 22:20:00,"12.5","6.79","0.0","12.5","7.77","12.8","7.75","12.4","6.82"
"277",2019-02-03 22:30:00,"12.5","6.82","0.0","12.5","7.77","12.8","7.75","12.4","6.82"
"278",2019-02-03 22:40:00,"12.5","6.82","0.0","12.5","7.77","12.8","7.75","12.4","6.80"
"279",2019-02-03 22:50:00,"12.5","6.80","0.0","12.5","7.77","12.8","7.75","12.4","6.82"
"280",2019-02-03 23:00:00,"12.5","6.80","0.0","12.5","7.77","12.8","7.75","12.4","6.82"
"281",2019-02-03 23:10:00,"12.5","6.80","0.0","12.5","7.77","12.8","7.75","12.4","6.82"
"282",2019-02-03 23:20:00,"12.5","6.80","0.0","12.5","7.77","12.8","7.75","12.4","6.82"
"283",2019-02-03 23:30:00,"12.5","6.79","0.0","12.5","7.77","12.8","7.75","12.4","6.82"
"284",2019-02-03 23:40:00,"12.5","6.82","0.0","12.5","7.77","12.8","7.75","12.4","6.82"
"285",2019-02-03 23:50:00,"12.5","6.82","0.0","12.5","7.77","12.8","7.75","12.4","6.82"
"286",2019-02-04 00:00:00,"12.4","6.80","0.0","12.5","7.77","12.7","7.75","12.4","6.82"
"287",2019-02-04 00:10:00,"12.4","6.80","0.0","12.5","7.77","12.7","7.74","12.4","6.82"
"288",2019-02-04 00:20:00,"12.4","6.80","0.0","12.4","7.77","12.7","7.74","12.4","6.82"
"289",2019-02-04 00:30:00,"12.4","6.80","0.0","12.4","7.77","12.7","7.74","12.4","6.82"
"290",2019-02-04 00:40:00,"12.4","6.80","0.0","12.4","7.77","12.7","7.74","12.4","6.82"
"291",2019-02-04 00:50:00,"12.4","6.79","0.0","12.4","7.77","12.7","7.74","12.4","6.82"
"292",2019-02-04 01:00:00,"12.4","6.82","0.0","12.4","7.77","12.7","7.74","12.4","6.82"
"293",2019-02-04 01:10:00,"12.3","6.82","0.0","12.4","7.77","12.7","7.74","12.3","6.82"
"294",2019-02-04 01:20:00,"12.3","6.82","0.0","12.4","7.77","12.7","7.74","12.3","6.80"
"295",2019-02-04 01:30:00,"12.3","6.80","0.0","12.4","7.77","12.7","7.74","12.3","6.82"
"296",2019-02-04 01:40:00,"12.3","6.80","0.0","12.4","7.77","12.7","7.74","12.3","6.82"
"297",2019-02-04 01:50:00,"12.3","6.80","0.0","12.4","7.77","12.7","7.74","12.3","6.82"
"298",2019-02-04 02:00:00,"12.3","6.80","0.0","12.4","7.77","12.7","7.74","12.3","6.82"
"299",2019-02-04 02:10:00,"12.3","6.80","0.0","12.4","7.77","12.7","7.74","12.3","6.82"
"300",2019-02-04 02:20:00,"12.3","6.80","0.0","12.4","7.77","12.7","7.74","12.3","6.82"
"301",2019-02-04 02:30:00,"12.3","6.82","0.0","12.4","7.77","12.7","7.74","12.3","6.82"
"302",2019-02-04 02:40:00,"12.3","6.82","0.0","12.4","7.77","12.7","7.74","12.3","6.82"
"303",2019-02-04 02:50:00,"12.3","6.82","0.0","12.4","7.77","12.7","7.74","12.3","6.82"
"304",2019-02-04 03:00:00,"12.3","6.81","0.0","12.4","7.77","12.7","7.74","12.3","6.82"
"305",2019-02-04 03:10:00,"12.3","6.80","0.0","12.4","7.77","12.7","7.74","12.3","6.82"
"306",2019-02-04 03:20:00,"12.3","6.80","0.0","12.4","7.77","12.7","7.74","12.3","6.80"
"307",2019-02-04 03:30:00,"12.3","6.80","0.0","12.4","7.77","12.7","7.74","12.3","6.82"
"308",2019-02-04 03:40:00,"12.3","6.82","0.0","12.4","7.77","12.7","7.74","12.3","6.82"
"309",2019-02-04 03:50:00,"12.3","6.82","0.0","12.4","7.77","12.7","7.74","12.3","6.82"
"310",2019-02-04 04:00:00,"12.3","6.82","0.0","12.4","7.77","12.7","7.74","12.3","6.82"
"311",2019-02-04 04:10:00,"12.3","6.82","0.0","12.4","7.77","12.7","7.74","12.3","6.82"
"312",2019-02-04 04:20:00,"12.3","6.80","0.0","12.4","7.77","12.7","7.74","12.3","6.82"
"313",2019-02-04 04:30:00,"12.3","6.80","0.0","12.4","7.77","12.7","7.74","12.3","6.82"
"314",2019-02-04 04:40:00,"12.3","6.80","0.0","12.4","7.77","12.7","7.74","12.3","6.82"
"315",2019-02-04 04:50:00,"12.3","6.80","0.0","12.4","7.77","12.7","7.74","12.3","6.82"
"316",2019-02-04 05:00:00,"12.3","6.80","0.0","12.4","7.77","12.7","7.74","12.3","6.80"
"317",2019-02-04 05:10:00,"12.3","6.80","0.0","12.4","7.77","12.7","7.74","12.3","6.80"
"318",2019-02-04 05:20:00,"12.3","6.79","0.0","12.4","7.77","12.7","7.74","12.3","6.82"
"319",2019-02-04 05:30:00,"12.3","6.82","0.0","12.4","7.77","12.7","7.74","12.3","6.82"
"320",2019-02-04 05:40:00,"12.3","6.82","0.0","12.4","7.77","12.7","7.74","12.3","6.82"
"321",2019-02-04 05:50:00,"12.3","6.81","0.0","12.4","7.77","12.7","7.74","12.3","6.82"
"322",2019-02-04 06:00:00,"12.3","6.81","0.0","12.4","7.77","12.7","7.74","12.3","6.82"
"323",2019-02-04 06:10:00,"12.3","6.80","0.0","12.4","7.77","12.7","7.74","12.3","6.82"
"324",2019-02-04 06:20:00,"12.3","6.80","0.0","12.4","7.77","12.7","7.74","12.3","6.82"
"325",2019-02-04 06:30:00,"12.3","6.80","0.0","12.4","7.77","12.7","7.74","12.3","6.82"
"326",2019-02-04 06:40:00,"12.3","6.80","0.0","12.4","7.77","12.7","7.74","12.3","6.81"
"327",2019-02-04 06:50:00,"12.3","6.80","0.0","12.4","7.77","12.7","7.74","12.3","6.81"
"328",2019-02-04 07:00:00,"12.3","6.80","0.0","12.4","7.77","12.7","7.74","12.3","6.81"
"329",2019-02-04 07:10:00,"12.3","6.80","0.0","12.4","7.77","12.7","7.74","12.3","6.81"
"330",2019-02-04 07:20:00,"12.3","6.80","0.0","12.4","7.77","12.7","7.74","12.3","6.81"
"331",2019-02-04 07:30:00,"12.3","6.80","0.0","12.4","7.77","12.7","7.74","12.3","6.82"
"332",2019-02-04 07:40:00,"12.3","6.80","0.0","12.4","7.77","12.7","7.74","12.3","6.82"
"333",2019-02-04 07:50:00,"12.3","6.80","0.0","12.4","7.77","12.7","7.74","12.3","6.82"
"334",2019-02-04 08:00:00,"12.3","6.81","0.0","12.4","7.77","12.7","7.74","12.3","6.82"
"335",2019-02-04 08:10:00,"12.3","6.81","0.0","12.4","7.77","12.7","7.74","12.3","6.82"
"336",2019-02-04 08:20:00,"12.3","6.81","0.0","12.4","7.77","12.7","7.74","12.3","6.82"
"337",2019-02-04 08:30:00,"12.3","6.81","0.0","12.4","7.77","12.7","7.74","12.3","6.82"
"338",2019-02-04 08:40:00,"12.3","6.81","0.0","12.4","7.77","12.7","7.74","12.3","6.82"
"339",2019-02-04 08:50:00,"12.3","6.80","0.0","12.4","7.77","12.7","7.74","12.3","6.82"
"340",2019-02-04 09:00:00,"12.3","6.80","0.0","12.4","7.77","12.7","7.74","12.3","6.82"
"341",2019-02-04 09:10:00,"12.3","6.80","0.0","12.4","7.77","12.7","7.74","12.3","6.82"
"342",2019-02-04 09:20:00,"12.3","6.80","0.0","12.4","7.77","12.7","7.74","12.3","6.80"
"343",2019-02-04 09:30:00,"12.3","6.80","0.0","12.4","7.77","12.7","7.74","12.3","6.80"
"344",2019-02-04 09:40:00,"12.3","6.80","0.0","12.4","7.77","12.7","7.74","12.3","6.80"
"345",2019-02-04 09:50:00,"12.3","6.80","0.0","12.4","7.77","12.7","7.74","12.3","6.80"
"346",2019-02-04 10:00:00,"11.7","6.80","0.0","11.8","7.77","12.1","7.74","11.8","6.82"
"347",2019-02-04 10:10:00,"11.7","6.80","0.0","11.8","7.61","12.1","10.0","11.8","6.35"
"348",2019-02-04 10:20:00,"11.7","6.95","0.0","11.8","7.60","12.1","7.87","11.8","6.40"
"349",2019-02-04 10:30:00,"11.7","6.94","0.0","11.8","7.60","12.1","7.87","11.8","6.44"
"350",2019-02-04 10:40:00,"11.7","6.94","0.0","11.9","7.60","12.1","7.87","11.8","6.48"
"351",2019-02-04 10:50:00,"11.7","6.94","0.0","11.9","7.60","12.1","7.87","11.8","6.53"
"352",2019-02-04 11:00:00,"11.7","6.93","0.0","11.9","7.60","12.1","7.87","11.9","6.57"
"353",2019-02-04 11:10:00,"11.7","6.93","0.0","11.9","7.60","12.1","7.87","11.9","6.61"
"354",2019-02-04 11:20:00,"11.7","6.93","0.0","11.9","7.60","12.1","7.87","11.9","6.64"
"355",2019-02-04 11:30:00,"11.7","6.93","0.0","11.9","7.60","12.1","7.87","11.9","6.68"
"356",2019-02-04 11:40:00,"11.7","6.93","0.0","11.9","7.60","12.1","7.87","11.9","6.73"
"357",2019-02-04 11:50:00,"11.7","6.93","0.0","11.9","7.60","12.1","7.87","11.9","6.76"
"358",2019-02-04 12:00:00,"11.7","6.93","0.0","11.9","7.60","12.1","7.87","12.0","6.81"
"359",2019-02-04 12:10:00,"11.7","6.92","0.0","11.9","7.60","12.1","7.87","12.0","6.79"
"360",2019-02-04 12:20:00,"11.7","6.92","0.0","11.9","7.60","10.7","7.87","12.0","6.80"
"361",2019-02-04 12:30:00,"11.7","6.92","0.0","11.9","7.60","9.9","7.88","12.0","6.80"
"362",2019-02-04 12:40:00,"11.7","6.92","0.0","11.9","7.60","9.5","7.93","12.0","6.81"
"363",2019-02-04 12:50:00,"11.7","6.92","0.0","11.9","7.60","9.4","7.95","12.0","6.80"
"364",2019-02-04 13:00:00,"11.7","6.92","0.0","12.0","7.60","9.3","7.96","12.0","6.80"
"365",2019-02-04 13:10:00,"11.7","6.92","0.0","12.0","7.60","9.4","7.84","12.0","6.80"
"366",2019-02-04 13:20:00,"11.7","6.92","0.0","12.0","7.60","9.5","7.84","12.0","6.81"
"367",2019-02-04 13:30:00,"11.7","6.92","0.0","12.0","7.60","9.5","7.84","12.0","6.81"
"368",2019-02-04 13:40:00,"11.7","6.92","0.0","12.0","7.60","9.6","7.84","12.0","6.80"
"369",2019-02-04 13:50:00,"11.7","6.92","0.0","12.0","7.60","9.9","7.84","12.1","6.81"
"370",2019-02-04 14:00:00,"11.7","6.92","0.0","10.0","7.61","11.3","7.84","12.1","6.80"
"371",2019-02-04 14:10:00,"11.7","6.91","0.0","9.5","7.59","12.7","7.84","12.1","6.80"
"372",2019-02-04 14:20:00,"11.7","6.91","0.0","9.2","7.68","13.0","7.84","12.1","6.80"
"373",2019-02-04 14:30:00,"11.7","6.91","0.0","8.9","7.72","13.1","7.84","12.1","6.80"
"374",2019-02-04 14:40:00,"11.8","6.91","0.0","8.9","7.80","13.1","7.84","12.1","6.80"
"375",2019-02-04 14:50:00,"11.8","6.91","0.0","9.2","7.56","13.1","7.84","12.1","6.79"
"376",2019-02-04 15:00:00,"11.8","6.91","0.0","13.9","7.55","13.1","7.84","12.2","6.80"
"377",2019-02-04 15:10:00,"11.8","6.91","0.0","13.9","7.55","13.1","7.84","12.2","6.80"
"378",2019-02-04 15:20:00,"11.8","6.91","0.0","13.8","7.55","13.1","7.84","12.3","6.80"
"379",2019-02-04 15:30:00,"11.8","6.91","0.0","13.7","7.57","13.1","7.86","12.3","6.81"
"380",2019-02-04 15:40:00,"11.8","6.91","0.0","13.7","7.57","13.0","7.86","12.3","6.80"
"381",2019-02-04 15:50:00,"11.8","6.91","0.0","13.6","7.58","13.0","7.86","12.3","6.80"
"382",2019-02-04 16:00:00,"11.8","6.91","0.0","13.6","7.58","13.0","7.86","12.3","6.81"
"383",2019-02-04 16:10:00,"11.8","6.91","0.0","13.5","7.58","13.0","7.86","12.3","6.80"
"384",2019-02-04 16:20:00,"11.8","6.91","0.0","13.5","7.58","13.0","7.86","12.3","6.80"
"385",2019-02-04 16:30:00,"11.8","6.91","0.0","13.4","7.58","12.9","7.86","12.3","6.80"
"386",2019-02-04 16:40:00,"11.8","6.91","0.0","13.3","7.58","12.9","7.86","12.3","6.79"
"387",2019-02-04 16:50:00,"11.8","6.91","0.0","13.3","7.58","12.8","7.86","12.3","6.79"
"388",2019-02-04 17:00:00,"11.8","6.91","0.0","13.2","7.58","12.8","7.86","12.3","6.79"
"389",2019-02-04 17:10:00,"11.8","6.91","0.0","13.2","7.58","12.8","7.86","12.3","6.79"
"390",2019-02-04 17:20:00,"11.8","6.90","0.0","13.1","7.58","12.8","7.86","12.3","6.79"
"391",2019-02-04 17:30:00,"11.8","6.90","0.0","13.1","7.58","12.7","7.86","12.3","6.79"
"392",2019-02-04 17:40:00,"11.8","6.90","0.0","13.0","7.58","12.7","7.87","12.3","6.80"
"393",2019-02-04 17:50:00,"11.8","6.90","0.0","13.0","7.59","12.7","7.87","12.2","6.80"
"394",2019-02-04 18:00:00,"11.8","6.90","0.0","13.0","7.59","12.7","7.87","12.2","6.80"
"395",2019-02-04 18:10:00,"11.8","6.89","0.0","12.9","7.59","12.7","7.87","12.2","6.80"
"396",2019-02-04 18:20:00,"11.8","6.89","0.0","12.8","7.58","12.6","7.87","12.2","6.82"
"397",2019-02-04 18:30:00,"11.8","6.87","0.0","12.8","7.58","12.6","7.87","12.2","6.81"
"398",2019-02-04 18:40:00,"11.8","6.87","0.0","12.7","7.59","12.6","7.87","12.2","6.81"
"399",2019-02-04 18:50:00,"11.8","6.87","0.0","12.7","7.59","12.6","7.87","12.2","6.81"
"400",2019-02-04 19:00:00,"11.8","6.86","0.0","12.7","7.59","12.6","7.87","12.2","6.80"
"401",2019-02-04 19:10:00,"11.8","6.86","0.0","12.7","7.58","12.6","7.87","12.2","6.80"
"402",2019-02-04 19:20:00,"11.8","6.86","0.0","12.6","7.58","12.6","7.87","12.2","6.80"
"403",2019-02-04 19:30:00,"11.8","6.85","0.0","12.6","7.58","12.5","7.87","12.2","6.80"
"404",2019-02-04 19:40:00,"11.8","6.85","0.0","12.6","7.58","12.5","7.87","12.2","6.80"
"405",2019-02-04 19:50:00,"11.8","6.85","0.0","12.6","7.58","12.5","7.87","12.2","6.80"
"406",2019-02-04 20:00:00,"11.8","6.85","0.0","12.6","7.58","12.5","7.87","12.2","6.80"
"407",2019-02-04 20:10:00,"11.8","6.84","0.0","12.6","7.58","12.5","7.87","12.2","6.80"
"408",2019-02-04 20:20:00,"11.8","6.84","0.0","12.5","7.58","12.5","7.87","12.2","6.80"
"409",2019-02-04 20:30:00,"11.8","6.84","0.0","12.5","7.58","12.5","7.87","12.2","6.79"
"410",2019-02-04 20:40:00,"11.8","6.84","0.0","12.5","7.58","12.5","7.87","12.3","6.80"
"411",2019-02-04 20:50:00,"11.9","6.84","0.0","12.5","7.58","12.5","7.87","12.3","6.80"
"412",2019-02-04 21:00:00,"11.9","6.84","0.0","12.5","7.58","12.5","7.87","12.3","6.80"
"413",2019-02-04 21:10:00,"11.9","6.84","0.0","12.5","7.58","12.5","7.87","12.3","6.79"
"414",2019-02-04 21:20:00,"11.9","6.84","0.0","12.5","7.58","12.5","7.87","12.3","6.79"
"415",2019-02-04 21:30:00,"11.9","6.84","0.0","12.5","7.58","12.5","7.87","12.3","6.79"
"416",2019-02-04 21:40:00,"11.9","6.84","0.0","12.5","7.58","12.5","7.87","12.3","6.79"
"417",2019-02-04 21:50:00,"11.9","6.84","0.0","12.5","7.58","12.5","7.87","12.3","6.81"
"418",2019-02-04 22:00:00,"11.9","6.83","0.0","12.5","7.58","12.5","7.87","12.3","6.80"
"419",2019-02-04 22:10:00,"12.0","6.84","0.0","12.5","7.58","12.5","7.87","12.3","6.80"
"420",2019-02-04 22:20:00,"12.0","6.83","0.0","12.5","7.58","12.5","7.87","12.3","6.81"
"421",2019-02-04 22:30:00,"12.0","6.83","0.0","12.5","7.58","12.5","7.87","12.3","6.81"
"422",2019-02-04 22:40:00,"12.0","6.83","0.0","12.5","7.58","12.5","7.87","12.3","6.82"
"423",2019-02-04 22:50:00,"12.0","6.83","0.0","12.5","7.58","12.5","7.87","12.3","6.81"
"424",2019-02-04 23:00:00,"12.0","6.83","0.0","12.5","7.58","12.5","7.87","12.3","6.81"
"425",2019-02-04 23:10:00,"12.0","6.84","0.0","12.5","7.57","12.5","7.87","12.3","6.82"
"426",2019-02-04 23:20:00,"12.0","6.83","0.0","12.5","7.57","12.5","7.87","12.3","6.81"
"427",2019-02-04 23:30:00,"12.0","6.84","0.0","12.5","7.57","12.5","7.87","12.3","6.80"
"428",2019-02-04 23:40:00,"12.0","6.84","0.0","12.5","7.57","12.5","7.87","12.3","6.80"
"429",2019-02-04 23:50:00,"12.0","6.84","0.0","12.5","7.57","12.5","7.87","12.4","6.81"
"430",2019-02-05 00:00:00,"12.0","6.84","0.0","12.5","7.57","12.5","7.87","12.4","6.80"
"431",2019-02-05 00:10:00,"12.0","6.84","0.0","12.5","7.57","12.5","7.87","12.4","6.80"
"432",2019-02-05 00:20:00,"12.0","6.84","0.0","12.5","7.57","12.5","7.87","12.4","6.80"
"433",2019-02-05 00:30:00,"12.1","6.84","0.0","12.5","7.57","12.5","7.87","12.4","6.80"
"434",2019-02-05 00:40:00,"12.1","6.84","0.0","12.5","7.57","12.5","7.87","12.5","6.79"
"435",2019-02-05 00:50:00,"12.1","6.84","0.0","12.5","7.57","12.6","7.87","12.5","6.79"
"436",2019-02-05 01:00:00,"12.1","6.84","0.0","12.5","7.57","12.6","7.87","12.5","6.79"
"437",2019-02-05 01:10:00,"12.1","6.84","0.0","12.5","7.57","12.6","7.86","12.5","6.80"
"438",2019-02-05 01:20:00,"12.1","6.84","0.0","12.5","7.57","12.6","7.86","12.5","6.79"
"439",2019-02-05 01:30:00,"12.1","6.84","0.0","12.6","7.57","12.6","7.86","12.5","6.79"
"440",2019-02-05 01:40:00,"12.1","6.84","0.0","12.6","7.57","12.6","7.86","12.5","6.80"
"441",2019-02-05 01:50:00,"12.1","6.84","0.0","12.6","7.57","12.6","7.86","12.5","6.79"
"442",2019-02-05 02:00:00,"12.1","6.84","0.0","12.6","7.57","12.6","7.86","12.5","6.79"
"443",2019-02-05 02:10:00,"12.1","6.84","0.0","12.6","7.57","12.6","7.86","12.5","6.79"
"444",2019-02-05 02:20:00,"12.2","6.84","0.0","12.6","7.57","12.6","7.86","12.6","6.79"
"445",2019-02-05 02:30:00,"12.2","6.84","0.0","12.6","7.57","12.6","7.86","12.6","6.79"
"446",2019-02-05 02:40:00,"12.2","6.84","0.0","12.6","7.57","12.6","7.86","12.6","6.80"
"447",2019-02-05 02:50:00,"12.2","6.84","0.0","12.6","7.57","12.6","7.86","12.6","6.79"
"448",2019-02-05 03:00:00,"12.2","6.84","0.0","12.6","7.57","12.6","7.86","12.6","6.81"
"449",2019-02-05 03:10:00,"12.2","6.84","0.0","12.6","7.57","12.6","7.86","12.6","6.79"
"450",2019-02-05 03:20:00,"12.2","6.84","0.0","12.6","7.57","12.6","7.86","12.6","6.81"
"451",2019-02-05 03:30:00,"12.2","6.85","0.0","12.6","7.57","12.7","7.86","12.6","6.80"
"452",2019-02-05 03:40:00,"12.2","6.86","0.0","12.6","7.57","12.7","7.86","12.6","6.79"
"453",2019-02-05 03:50:00,"12.2","6.86","0.0","12.6","7.57","12.7","7.86","12.6","6.79"
"454",2019-02-05 04:00:00,"12.2","6.86","0.0","12.6","7.57","12.7","7.86","12.6","6.79"
"455",2019-02-05 04:10:00,"12.2","6.86","0.0","12.6","7.57","12.7","7.86","12.6","6.79"
"456",2019-02-05 04:20:00,"12.2","6.86","0.0","12.6","7.57","12.7","7.86","12.6","6.79"
"457",2019-02-05 04:30:00,"12.2","6.84","0.0","12.6","7.57","12.7","7.86","12.6","6.79"
"458",2019-02-05 04:40:00,"12.3","6.85","0.0","12.6","7.57","12.7","7.86","12.7","6.79"
"459",2019-02-05 04:50:00,"12.3","6.85","0.0","12.6","7.57","12.7","7.86","12.7","6.80"
"460",2019-02-05 05:00:00,"12.3","6.84","0.0","12.7","7.57","12.7","7.86","12.7","6.80"
"461",2019-02-05 05:10:00,"12.3","6.85","0.0","12.7","7.57","12.7","7.86","12.7","6.81"
"462",2019-02-05 05:20:00,"12.3","6.85","0.0","12.7","7.57","12.7","7.86","12.7","6.81"
"463",2019-02-05 05:30:00,"12.3","6.85","0.0","12.7","7.57","12.7","7.86","12.7","6.81"
"464",2019-02-05 05:40:00,"12.3","6.85","0.0","12.7","7.57","12.7","7.86","12.7","6.82"
"465",2019-02-05 05:50:00,"12.3","6.85","0.0","12.7","7.57","12.7","7.86","12.8","6.81"
"466",2019-02-05 06:00:00,"12.3","6.85","0.0","12.7","7.57","12.7","7.86","12.8","6.80"
"467",2019-02-05 06:10:00,"12.3","6.85","0.0","12.7","7.57","12.7","7.86","12.8","6.80"
"468",2019-02-05 06:20:00,"12.3","6.85","0.0","12.7","7.57","12.7","7.86","12.8","6.80"
"469",2019-02-05 06:30:00,"12.3","6.85","0.0","12.7","7.57","12.7","7.86","12.8","6.80"
"470",2019-02-05 06:40:00,"12.3","6.85","0.0","12.7","7.57","12.8","7.86","12.8","6.80"
"471",2019-02-05 06:50:00,"12.3","6.85","0.0","12.7","7.57","12.8","7.86","12.8","6.80"
"472",2019-02-05 07:00:00,"12.3","6.85","0.0","12.7","7.57","12.8","7.86","12.8","6.80"
"473",2019-02-05 07:10:00,"12.4","6.85","0.0","12.7","7.57","12.8","7.86","12.8","6.80"
"474",2019-02-05 07:20:00,"12.4","6.85","0.0","12.7","7.57","12.8","7.86","12.8","6.80"
"475",2019-02-05 07:30:00,"12.4","6.85","0.0","12.8","7.57","12.8","7.86","12.8","6.80"
"476",2019-02-05 07:40:00,"12.4","6.85","0.0","12.8","7.57","12.8","7.86","12.8","6.80"
"477",2019-02-05 07:50:00,"12.4","6.85","0.0","12.8","7.57","12.8","7.86","12.8","6.80"
"478",2019-02-05 08:00:00,"12.4","6.85","0.0","12.8","7.57","12.8","7.86","12.8","6.80"
"479",2019-02-05 08:10:00,"12.5","6.85","0.0","12.8","7.57","12.8","7.86","12.8","6.80"
"480",2019-02-05 08:20:00,"12.5","6.85","0.0","12.8","7.57","12.8","7.86","12.8","6.80"
"481",2019-02-05 08:30:00,"12.5","6.85","0.0","12.9","7.57","12.8","7.86","12.8","6.81"
"482",2019-02-05 08:40:00,"12.5","6.85","0.0","12.9","7.57","12.8","7.86","12.8","6.81"
"483",2019-02-05 08:50:00,"12.5","6.85","0.0","12.9","7.57","12.8","7.86","12.8","6.80"
"484",2019-02-05 09:00:00,"12.5","6.85","0.0","12.9","7.57","12.8","7.86","12.9","6.80"
"485",2019-02-05 09:10:00,"12.5","6.85","0.0","12.9","7.56","12.9","7.86","12.9","6.80"
"486",2019-02-05 09:20:00,"12.5","6.85","0.0","13.0","7.56","12.9","7.86","12.9","6.79"
"487",2019-02-05 09:30:00,"12.5","6.84","0.0","13.0","7.56","12.9","7.86","12.9","6.79"
"488",2019-02-05 09:40:00,"12.5","6.84","0.0","13.0","7.56","12.9","7.86","12.9","6.79"
"489",2019-02-05 09:50:00,"12.5","6.84","0.0","13.0","7.56","12.9","7.86","12.9","6.79"
"490",2019-02-05 10:00:00,"12.5","6.83","0.0","13.0","7.56","12.9","7.86","12.9","6.79"
"491",2019-02-05 10:10:00,"12.5","6.83","0.0","13.0","7.56","12.9","7.86","12.9","6.80"
"492",2019-02-05 10:20:00,"12.5","6.83","0.0","13.0","7.56","12.9","7.86","12.9","6.81"
"493",2019-02-05 10:30:00,"12.5","6.83","0.0","13.0","7.56","12.9","7.86","12.9","6.82"
"494",2019-02-05 10:40:00,"12.5","6.82","0.0","13.0","7.56","12.9","7.86","12.9","6.82"
"495",2019-02-05 10:50:00,"12.5","6.82","0.0","13.0","7.56","12.9","7.86","12.9","6.82"
"496",2019-02-05 11:00:00,"12.5","6.82","0.0","13.0","7.56","12.9","7.86","12.9","6.81"
"497",2019-02-05 11:10:00,"12.5","6.82","0.0","13.0","7.56","12.9","7.86","12.9","6.81"
"498",2019-02-05 11:20:00,"12.5","6.83","0.0","13.0","7.56","12.9","7.86","12.9","6.80"
"499",2019-02-05 11:30:00,"12.5","6.82","0.0","13.0","7.56","12.9","7.86","13.0","6.80"
"500",2019-02-05 11:40:00,"12.5","6.82","0.0","13.0","7.56","12.9","7.86","13.0","6.79"
"501",2019-02-05 11:50:00,"12.5","6.82","0.0","13.0","7.56","12.9","7.86","13.0","6.79"
"502",2019-02-05 12:00:00,"12.6","6.82","0.0","13.0","7.58","12.9","7.86","13.0","6.79"
"503",2019-02-05 12:10:00,"12.6","6.82","0.0","13.0","7.58","12.9","7.86","13.0","6.80"
"504",2019-02-05 12:20:00,"12.5","6.82","0.0","13.0","7.58","12.9","7.86","13.0","6.80"
"505",2019-02-05 12:30:00,"11.8","6.81","0.0","13.1","7.58","13.0","7.87","13.0","6.81"
"506",2019-02-05 12:40:00,"10.1","6.81","0.0","13.1","7.58","13.0","7.87","13.0","6.80"
"507",2019-02-05 12:50:00,"10.0","6.83","0.0","13.1","7.58","13.0","7.87","13.0","6.81"
"508",2019-02-05 13:00:00,"10.2","7.72","0.0","13.1","7.58","13.0","7.87","13.0","6.81"
"509",2019-02-05 13:10:00,"9.9","7.78","0.0","13.1","7.58","13.0","7.87","13.0","6.82"
"510",2019-02-05 13:20:00,"9.7","7.85","0.0","13.1","7.58","13.0","7.87","13.0","6.80"
"511",2019-02-05 13:30:00,"10.0","7.80","0.0","13.1","7.58","13.0","7.87","13.0","6.79"
"512",2019-02-05 13:40:00,"10.0","7.63","0.0","13.1","7.58","13.0","7.87","13.0","6.79"
"513",2019-02-05 13:50:00,"10.2","7.49","0.0","13.1","7.58","13.0","7.87","13.0","6.64"
"514",2019-02-05 14:00:00,"10.5","7.40","0.0","13.1","7.58","13.0","7.87","12.5","6.66"
"515",2019-02-05 14:10:00,"10.8","7.32","0.0","13.2","7.58","13.0","7.87","11.3","6.64"
"516",2019-02-05 14:20:00,"11.0","7.26","0.0","13.2","7.58","13.0","7.87","14.9","6.78"
"517",2019-02-05 14:30:00,"11.5","7.21","0.0","13.2","7.58","13.1","7.87","15.0","7.47"
"518",2019-02-05 14:40:00,"14.3","7.26","0.0","13.2","7.58","13.1","7.87","14.9","7.41"
"519",2019-02-05 14:50:00,"14.5","7.31","0.0","13.2","7.58","13.1","7.87","14.8","7.26"
"520",2019-02-05 15:00:00,"14.5","7.37","0.0","13.2","7.58","13.1","7.87","14.8","7.12"
"521",2019-02-05 15:10:00,"14.6","7.41","0.0","13.3","7.58","13.1","7.87","14.7","7.00"
"522",2019-02-05 15:20:00,"14.5","7.43","0.0","13.3","7.58","13.1","7.87","14.7","6.92"
"523",2019-02-05 15:30:00,"14.5","7.46","0.0","13.3","7.58","13.1","7.88","14.6","6.84"
"524",2019-02-05 15:40:00,"14.5","7.46","0.0","13.3","7.58","13.1","7.88","14.6","6.80"
"525",2019-02-05 15:50:00,"14.4","7.46","0.0","13.3","7.58","13.1","7.88","14.5","6.81"
"526",2019-02-05 16:00:00,"14.4","7.44","0.0","13.3","7.58","13.1","7.88","14.5","6.80"
"527",2019-02-05 16:10:00,"14.3","7.45","0.0","13.2","7.58","13.1","7.88","14.4","6.79"
"528",2019-02-05 16:20:00,"14.3","7.46","0.0","13.3","7.58","13.1","7.88","14.4","6.79"
"529",2019-02-05 16:30:00,"14.3","7.47","0.0","13.3","7.58","13.1","7.88","14.3","6.79"
"530",2019-02-05 16:40:00,"14.2","7.47","0.0","13.2","7.58","13.1","7.88","14.3","6.79"
"531",2019-02-05 16:50:00,"14.1","7.48","0.0","13.2","7.58","13.1","7.88","14.2","6.79"
"532",2019-02-05 17:00:00,"14.0","7.48","0.0","13.2","7.58","13.0","7.88","14.2","6.79"
"533",2019-02-05 17:10:00,"13.8","7.48","0.0","13.2","7.58","13.0","7.88","14.1","6.79"
"534",2019-02-05 17:20:00,"13.7","7.48","0.0","13.2","7.58","13.0","7.87","14.1","6.79"
"535",2019-02-05 17:30:00,"13.7","7.48","0.0","13.2","7.58","13.0","7.87","14.0","6.79"
"536",2019-02-05 17:40:00,"13.6","7.48","0.0","13.1","7.56","13.0","7.87","13.9","6.80"
"537",2019-02-05 17:50:00,"13.5","7.48","0.0","13.1","7.56","13.0","7.87","13.8","6.79"
"538",2019-02-05 18:00:00,"13.5","7.48","0.0","13.1","7.56","13.0","7.87","13.8","6.80"
"539",2019-02-05 18:10:00,"13.4","7.46","0.0","13.1","7.56","12.9","7.87","13.7","6.80"
"540",2019-02-05 18:20:00,"13.4","7.48","0.0","13.0","7.56","12.9","7.87","13.7","6.81"
"541",2019-02-05 18:30:00,"13.3","7.46","0.0","13.0","7.56","12.9","7.87","13.7","6.80"
"542",2019-02-05 18:40:00,"13.3","7.46","0.0","13.0","7.55","12.9","7.85","13.6","6.80"
"543",2019-02-05 18:50:00,"13.3","7.48","0.0","13.0","7.55","12.8","7.85","13.6","6.82"
"544",2019-02-05 19:00:00,"13.4","7.48","0.0","13.0","7.55","12.8","7.85","13.6","6.81"
"545",2019-02-05 19:10:00,"13.4","7.48","0.0","13.0","7.55","12.8","7.85","13.5","6.82"
"546",2019-02-05 19:20:00,"13.4","7.48","0.0","13.0","7.55","12.8","7.85","13.5","6.82"
"547",2019-02-05 19:30:00,"13.4","7.48","0.0","13.0","7.55","12.8","7.85","13.5","6.80"
"548",2019-02-05 19:40:00,"13.4","7.48","0.0","13.0","7.55","12.8","7.85","13.5","6.81"
"549",2019-02-05 19:50:00,"13.4","7.48","0.0","13.0","7.55","12.8","7.85","13.4","6.80"
"550",2019-02-05 20:00:00,"13.4","7.47","0.0","12.9","7.54","12.8","7.84","13.4","6.81"
"551",2019-02-05 20:10:00,"13.5","7.48","0.0","12.9","7.54","12.8","7.84","13.3","6.81"
"552",2019-02-05 20:20:00,"13.5","7.48","0.0","12.9","7.54","12.8","7.84","13.3","6.81"
"553",2019-02-05 20:30:00,"13.5","7.48","0.0","12.9","7.54","12.8","7.84","13.3","6.80"
"554",2019-02-05 20:40:00,"13.5","7.48","0.0","12.9","7.54","12.8","7.84","13.3","6.80"
"555",2019-02-05 20:50:00,"13.5","7.47","0.0","12.9","7.54","12.8","7.84","13.3","6.80"
"556",2019-02-05 21:00:00,"13.5","7.48","0.0","12.9","7.54","12.8","7.84","13.2","6.80"
"557",2019-02-05 21:10:00,"13.5","7.47","0.0","12.9","7.54","12.8","7.84","13.2","6.80"
"558",2019-02-05 21:20:00,"13.5","7.47","0.0","12.9","7.54","12.8","7.84","13.2","6.80"
"559",2019-02-05 21:30:00,"13.5","7.47","0.0","12.9","7.54","12.8","7.84","13.2","6.81"
"560",2019-02-05 21:40:00,"13.5","7.47","0.0","12.9","7.54","12.8","7.84","13.2","6.80"
"561",2019-02-05 21:50:00,"13.5","7.47","0.0","12.9","7.54","12.8","7.84","13.2","6.79"
"562",2019-02-05 22:00:00,"13.5","7.48","0.0","12.9","7.53","12.8","7.84","13.2","6.79"
"563",2019-02-05 22:10:00,"13.5","7.47","0.0","12.9","7.53","12.8","7.84","13.2","6.79"
"564",2019-02-05 22:20:00,"13.5","7.47","0.0","12.9","7.53","12.8","7.84","13.1","6.79"
"565",2019-02-05 22:30:00,"13.5","7.47","0.0","12.9","7.53","12.8","7.84","13.1","6.79"
"566",2019-02-05 22:40:00,"13.5","7.47","0.0","12.9","7.53","12.8","7.84","13.1","6.79"
"567",2019-02-05 22:50:00,"13.5","7.47","0.0","12.9","7.53","12.8","7.83","13.1","6.79"
"568",2019-02-05 23:00:00,"13.5","7.46","0.0","12.9","7.53","12.8","7.83","13.0","6.81"
"569",2019-02-05 23:10:00,"13.5","7.47","0.0","12.9","7.53","12.8","7.83","13.0","6.79"
"570",2019-02-05 23:20:00,"13.5","7.47","0.0","12.9","7.53","12.8","7.83","13.0","6.79"
"571",2019-02-05 23:30:00,"13.5","7.46","0.0","12.9","7.53","12.8","7.83","13.0","6.79"
"572",2019-02-05 23:40:00,"13.5","7.46","0.0","12.9","7.53","12.8","7.83","13.0","6.80"
"573",2019-02-05 23:50:00,"13.5","7.46","0.0","12.9","7.53","12.8","7.83","13.0","6.79"
"574",2019-02-06 00:00:00,"13.5","7.47","0.0","12.9","7.53","12.8","7.83","13.0","6.79"
"575",2019-02-06 00:10:00,"13.5","7.47","0.0","12.9","7.53","12.8","7.83","13.0","6.79"
"576",2019-02-06 00:20:00,"13.5","7.47","0.0","12.9","7.53","12.8","7.83","13.0","6.79"
"577",2019-02-06 00:30:00,"13.5","7.47","0.0","12.9","7.53","12.8","7.83","13.0","6.79"
"578",2019-02-06 00:40:00,"13.5","7.47","0.0","12.9","7.53","12.8","7.83","13.0","6.79"
"579",2019-02-06 00:50:00,"13.6","7.47","0.0","12.9","7.53","12.8","7.83","13.0","6.79"
"580",2019-02-06 01:00:00,"13.6","7.46","0.0","12.9","7.53","12.8","7.83","13.0","6.79"
"581",2019-02-06 01:10:00,"13.6","7.46","0.0","12.9","7.53","12.8","7.83","13.0","6.79"
"582",2019-02-06 01:20:00,"13.6","7.46","0.0","12.9","7.52","12.8","7.83","13.0","6.79"
"583",2019-02-06 01:30:00,"13.6","7.46","0.0","12.9","7.52","12.8","7.83","13.0","6.80"
"584",2019-02-06 01:40:00,"13.6","7.47","0.0","12.9","7.53","12.8","7.83","12.9","6.80"
"585",2019-02-06 01:50:00,"13.6","7.45","0.0","12.9","7.53","12.8","7.83","12.9","6.80"
"586",2019-02-06 02:00:00,"13.6","7.47","0.0","12.9","7.53","12.8","7.83","12.9","6.80"
"587",2019-02-06 02:10:00,"13.6","7.45","0.0","12.9","7.53","12.8","7.83","12.9","6.80"
"588",2019-02-06 02:20:00,"13.6","7.46","0.0","12.9","7.52","12.8","7.83","12.9","6.80"
"589",2019-02-06 02:30:00,"13.6","7.45","0.0","12.9","7.52","12.8","7.83","12.9","6.80"
"590",2019-02-06 02:40:00,"13.6","7.46","0.0","12.9","7.52","12.8","7.83","12.9","6.80"
"591",2019-02-06 02:50:00,"13.6","7.46","0.0","12.9","7.52","12.8","7.83","12.9","6.80"
"592",2019-02-06 03:00:00,"13.6","7.46","0.0","12.9","7.52","12.8","7.83","12.9","6.81"
"593",2019-02-06 03:10:00,"13.6","7.46","0.0","12.9","7.52","12.8","7.83","12.9","6.81"
"594",2019-02-06 03:20:00,"13.6","7.45","0.0","12.9","7.52","12.8","7.83","12.9","6.81"
"595",2019-02-06 03:30:00,"13.6","7.45","0.0","12.9","7.52","12.8","7.83","12.9","6.81"
"596",2019-02-06 03:40:00,"13.6","7.46","0.0","12.9","7.52","12.8","7.83","12.9","6.81"
"597",2019-02-06 03:50:00,"13.6","7.46","0.0","12.9","7.52","12.8","7.83","12.9","6.81"
"598",2019-02-06 04:00:00,"13.6","7.46","0.0","12.9","7.52","12.8","7.83","12.9","6.81"
"599",2019-02-06 04:10:00,"13.6","7.47","0.0","12.9","7.52","12.8","7.83","12.9","6.80"
"600",2019-02-06 04:20:00,"13.6","7.46","0.0","12.9","7.52","12.8","7.83","12.9","6.79"
"601",2019-02-06 04:30:00,"13.6","7.45","0.0","13.0","7.52","12.8","7.83","12.9","6.79"
"602",2019-02-06 04:40:00,"13.6","7.47","0.0","13.0","7.52","12.8","7.83","12.9","6.79"
"603",2019-02-06 04:50:00,"13.7","7.45","0.0","12.9","7.52","12.8","7.83","12.9","6.79"
"604",2019-02-06 05:00:00,"13.7","7.47","0.0","13.0","7.52","12.8","7.83","12.9","6.79"
"605",2019-02-06 05:10:00,"13.7","7.46","0.0","13.0","7.52","12.8","7.83","12.9","6.79"
"606",2019-02-06 05:20:00,"13.7","7.46","0.0","13.0","7.52","12.8","7.83","12.9","6.79"
"607",2019-02-06 05:30:00,"13.7","7.45","0.0","13.0","7.52","12.8","7.83","12.9","6.80"
"608",2019-02-06 05:40:00,"13.7","7.46","0.0","13.0","7.52","12.8","7.83","12.9","6.81"
"609",2019-02-06 05:50:00,"13.7","7.45","0.0","13.0","7.52","12.8","7.83","12.9","6.80"
"610",2019-02-06 06:00:00,"13.7","7.46","0.0","13.0","7.52","12.8","7.83","12.9","6.80"
"611",2019-02-06 06:10:00,"13.7","7.47","0.0","13.0","7.52","12.8","7.83","12.9","6.80"
"612",2019-02-06 06:20:00,"13.7","7.46","0.0","13.0","7.52","12.8","7.83","12.9","6.80"
"613",2019-02-06 06:30:00,"13.7","7.46","0.0","13.0","7.52","12.8","7.83","12.9","6.80"
"614",2019-02-06 06:40:00,"13.7","7.46","0.0","13.0","7.52","12.8","7.83","12.9","6.80"
"615",2019-02-06 06:50:00,"13.7","7.45","0.0","13.0","7.52","12.8","7.83","12.9","6.81"
"616",2019-02-06 07:00:00,"13.7","7.45","0.0","13.0","7.52","12.8","7.83","12.9","6.81"
"617",2019-02-06 07:10:00,"13.7","7.45","0.0","13.0","7.52","12.8","7.83","12.9","6.81"
"618",2019-02-06 07:20:00,"13.7","7.46","0.0","13.0","7.52","12.8","7.83","12.9","6.81"
"619",2019-02-06 07:30:00,"13.7","7.46","0.0","13.0","7.52","12.8","7.83","12.9","6.81"
"620",2019-02-06 07:40:00,"13.8","7.46","0.0","13.0","7.52","12.8","7.83","12.9","6.81"
"621",2019-02-06 07:50:00,"13.8","7.46","0.0","13.0","7.52","12.8","7.83","12.9","6.81"
"622",2019-02-06 08:00:00,"13.8","7.46","0.0","13.0","7.52","12.8","7.83","12.9","6.80"
"623",2019-02-06 08:10:00,"13.8","7.47","0.0","13.0","7.52","12.8","7.83","12.9","6.80"
"624",2019-02-06 08:20:00,"13.8","7.52","0.0","13.0","7.52","12.8","7.83","12.9","6.80"
"625",2019-02-06 08:30:00,"13.8","7.57","0.0","13.0","7.52","12.8","7.83","12.9","6.80"
"626",2019-02-06 08:40:00,"13.8","7.62","0.0","13.0","7.52","12.8","7.83","12.9","6.81"
"627",2019-02-06 08:50:00,"13.8","7.65","0.0","13.0","7.52","12.8","7.83","12.9","6.80"
"628",2019-02-06 09:00:00,"13.9","7.67","0.0","13.0","7.52","12.9","7.83","12.9","6.82"
"629",2019-02-06 09:10:00,"13.9","7.69","0.0","13.0","7.52","12.9","7.83","13.0","6.81"
"630",2019-02-06 09:20:00,"13.9","7.70","0.0","13.0","7.52","12.9","7.83","13.0","6.82"
"631",2019-02-06 09:30:00,"13.9","7.71","0.0","13.0","7.52","12.8","7.83","13.0","6.80"
"632",2019-02-06 09:40:00,"13.9","7.72","0.0","13.0","7.52","12.8","7.83","13.0","6.81"
"633",2019-02-06 09:50:00,"13.9","7.72","0.0","13.0","7.52","12.8","7.83","13.0","6.81"
"634",2019-02-06 10:00:00,"13.9","7.73","0.0","13.0","7.52","12.8","7.83","13.0","6.80"
"635",2019-02-06 10:10:00,"13.9","7.73","0.0","13.0","7.52","12.8","7.83","13.0","6.80"
"636",2019-02-06 10:20:00,"13.8","7.74","0.0","13.0","7.53","12.8","7.83","13.0","6.80"
"637",2019-02-06 10:30:00,"13.8","7.65","0.0","13.0","7.52","12.8","7.83","13.0","6.81"
"638",2019-02-06 10:40:00,"13.8","7.48","0.0","13.0","7.52","12.8","7.83","13.0","6.81"
"639",2019-02-06 10:50:00,"13.8","7.32","0.0","13.0","7.53","12.8","7.83","13.0","6.81"
"640",2019-02-06 11:00:00,"13.7","7.22","0.0","13.0","7.53","12.8","7.83","13.0","6.79"
"641",2019-02-06 11:10:00,"13.7","7.12","0.0","13.0","7.53","12.8","7.83","13.0","6.79"
"642",2019-02-06 11:20:00,"13.7","7.08","0.0","13.0","7.57","12.8","7.87","12.9","6.82"
"643",2019-02-06 11:30:00,"13.6","7.00","0.0","13.0","7.56","12.8","7.87","12.9","6.82"
"644",2019-02-06 11:40:00,"13.6","8.55","0.0","13.0","7.56","12.8","7.87","12.8","6.81"
"645",2019-02-06 11:50:00,"13.6","6.84","0.0","13.0","7.75","12.8","7.78","12.8","7.06"
"646",2019-02-06 12:00:00,"13.5","6.80","0.0","13.0","7.75","12.8","7.78","12.8","7.00"
"647",2019-02-06 12:10:00,"13.5","6.82","0.0","13.0","7.75","12.8","7.78","12.9","6.96"
"648",2019-02-06 12:20:00,"13.5","6.80","0.0","13.0","7.75","12.8","7.78","12.9","6.93"
"649",2019-02-06 12:30:00,"13.5","6.80","0.0","13.0","7.75","12.8","7.78","12.9","6.89"
"650",2019-02-06 12:40:00,"13.5","6.81","0.0","13.0","7.75","12.8","7.78","12.9","6.87"
"651",2019-02-06 12:50:00,"13.4","6.79","0.0","13.0","7.75","12.8","7.78","12.9","6.83"
