Method Data,,,,,,
Method name,Panopea,,,,,
Method ID,7,,,,,
Method version,6,,,,,
Method Internal ID,M44,,,,,
Release State,Released,,,,,
Type,TitrationGeneral,,,,,
,,,,,,
Table of Measured Values,,,,,,
Task,T1444,,,,,
Scope 1/1, Sample 1/3 (20190408_JUNK),,,,,
Result,TitrationEP1,,,,,
V,t,E,T,dV/dt,E acc. stat.,Volume acc. stat.
NaN,0,NaN,NaN,NaN,,
NaN,1,NaN,NaN,NaN,,
NaN,2,NaN,NaN,NaN,,
NaN,3,NaN,NaN,NaN,,
NaN,4,NaN,NaN,NaN,,
NaN,5,NaN,NaN,NaN,,
NaN,6,NaN,NaN,NaN,,
NaN,6,NaN,NaN,NaN,,
0.04,8,-62.8,18.3,0.0075,,
0.0475,9,-61.6,18.3,0.0075,,
0.056,10,-60.1,18.3,0.0075,,
0.0645,11,-58.6,18.3,0.007,,
0.073,12,-57,18.3,0.0075,,
0.081,13,-55.1,18.3,0.0075,,
0.0895,14,-53.2,18.3,0.0075,,
0.097,15,-51.1,18.3,0.0075,,
0.1055,16,-48.9,18.3,0.0085,,
0.114,17,-46.5,18.3,0.007,,
0.1225,18,-43.9,18.4,0.0075,,
0.131,19,-41,18.3,0.0075,,
0.1395,20,-37.8,18.4,0.0075,,
0.147,21,-34.8,18.4,0.0075,,
0.1555,22,-31.2,18.4,0.0075,,
0.1635,23,-27.6,18.4,0.007,,
0.172,24,-24,18.4,0.0075,,
0.1805,25,-20.5,18.4,0.0075,,
0.189,26,-17.4,18.4,0.0075,,
0.1965,27,-14.9,18.4,0.0075,,
0.205,28,-12.6,18.4,0.0075,,
0.2135,29,-10.6,18.4,0.007,,
0.222,30,-8.9,18.4,0.0075,,
0.23,31,-7.2,18.4,0.0075,,
0.2385,32,-5.7,18.4,0.0075,,
0.246,33,-4.4,18.4,0.0075,,
0.2545,34,-3,18.4,0.0075,,
0.263,35,-1.3,18.4,0.007,,
0.2715,36,-0.1,18.4,0.0075,,
0.28,37,0.6,18.4,0.0075,,
0.2885,38,1.6,18.4,0.0075,,
0.296,39,2.5,18.4,0.0075,,
0.3045,40,3.4,18.4,0.0085,,
0.3125,41,4.4,18.4,0.007,,
0.321,42,5.3,18.4,0.0075,,
0.3295,43,6.2,18.4,0.0075,,
0.338,44,7.1,18.4,0.0075,,
0.3455,45,7.8,18.4,0.0075,,
0.354,46,8.7,18.4,0.0075,,
0.3625,47,9.7,18.4,0.0075,,
0.371,48,10.5,18.4,0.0075,,
0.379,49,11.5,18.4,0.0075,,
0.3875,50,12.5,18.4,0.0075,,
0.395,51,13.2,18.4,0.0075,,
0.4035,52,14.2,18.4,0.0075,,
0.412,53,14.9,18.4,0.007,,
0.4205,54,15.7,18.4,0.0075,,
0.429,55,16.4,18.4,0.0075,,
0.4375,56,17.2,18.4,0.0075,,
0.445,57,18,18.4,0.0075,,
0.4535,58,18.7,18.4,0.0085,,
0.462,59,19.5,18.4,0.007,,
0.47,60,20.4,18.4,0.0075,,
0.4785,61,21.2,18.4,0.0075,,
0.487,62,21.9,18.4,0.0075,,
0.4945,63,22.7,18.4,0.0075,,
0.503,64,23.3,18.4,0.0085,,
0.5115,65,24.1,18.4,0.007,,
0.52,66,24.8,18.4,0.0075,,
0.5285,67,25.6,18.4,0.0075,,
0.536,68,26.3,18.5,0.0075,,
0.5445,69,27.1,18.4,0.0075,,
0.5525,70,27.9,18.5,0.0075,,
0.561,71,28.7,18.5,0.0075,,
0.5695,72,29.4,18.5,0.0075,,
0.578,73,30.1,18.5,0.0075,,
0.5855,74,30.8,18.5,0.0075,,
0.594,75,31.6,18.5,0.0075,,
0.6025,76,32.5,18.5,0.0075,,
0.611,77,33.3,18.5,0.0075,,
0.619,78,34,18.5,0.0075,,
0.6275,79,34.9,18.5,0.0075,,
0.636,80,35.6,18.5,0.0075,,
0.6435,81,36.5,18.5,0.0075,,
0.652,82,37.3,18.5,0.0085,,
0.6605,83,38,18.5,0.007,,
0.669,84,38.8,18.5,0.0075,,
0.6775,85,39.4,18.5,0.0075,,
0.685,86,40,18.5,0.0075,,
0.6935,87,40.7,18.5,0.0075,,
0.702,88,41.5,18.5,0.0075,,
0.71,89,42.2,18.5,0.0075,,
0.7185,90,43.1,18.5,0.0075,,
0.727,91,43.8,18.5,0.0075,,
0.7345,92,44.5,18.5,0.0075,,
0.743,93,45.3,18.5,0.0075,,
0.7515,94,46.2,18.5,0.0075,,
0.76,95,46.8,18.5,0.0075,,
0.7685,96,47.5,18.5,0.0075,,
0.7765,97,48.5,18.5,0.0075,,
0.7845,98,49.3,18.5,0.0075,,
0.7925,99,50,18.5,0.0075,,
0.801,100,50.8,18.5,0.008,,
0.8095,101,51.7,18.5,0.0075,,
0.818,102,52.5,18.5,0.0075,,
0.8265,103,53.2,18.5,0.0075,,
0.834,104,53.8,18.5,0.0075,,
0.8425,105,54.6,18.5,0.0075,,
0.851,106,55.5,18.5,0.0075,,
0.859,107,56.4,18.5,0.0075,,
0.8675,108,57.2,18.5,0.0075,,
0.876,109,58,18.5,0.0075,,
0.8835,110,58.7,18.5,0.0075,,
0.892,111,59.5,18.5,0.0075,,
0.9005,112,60.4,18.5,0.0075,,
0.909,113,61.3,18.5,0.0075,,
0.9175,114,62.2,18.5,0.0075,,
0.926,115,63,18.5,0.0075,,
0.9335,116,64,18.5,0.0075,,
0.9415,117,65,18.6,0.0075,,
0.95,118,65.9,18.6,0.007,,
0.9585,119,66.6,18.6,0.0075,,
0.967,120,67.5,18.6,0.0075,,
0.9755,121,68.4,18.6,0.0075,,
0.983,122,69.5,18.6,0.0075,,
0.9915,123,70.4,18.6,0.0075,,
1,124,71.3,18.6,0.007,,
1.0085,125,72.3,18.6,0.0075,,
1.0165,126,73.4,18.6,0.0075,,
1.025,127,74.5,18.6,0.0075,,
1.0325,128,75.2,18.6,0.0075,,
1.041,129,76.5,18.6,0.0075,,
1.0495,130,77.6,18.6,0.007,,
1.058,131,78.6,18.6,0.0075,,
1.0665,132,80,18.6,0.0075,,
1.075,133,81,18.6,0.0075,,
1.0825,134,82.1,18.6,0.0075,,
1.091,135,83.3,18.6,0.0075,,
1.099,136,84.4,18.6,0.007,,
1.1075,137,86,18.6,0.0075,,
1.116,138,87.3,18.6,0.0075,,
1.1245,139,89,18.6,0.0075,,
1.132,140,90.2,18.6,0.0075,,
1.1405,141,91.6,18.6,0.0075,,
1.149,142,93.3,18.6,0.007,,
1.1575,143,94.9,18.6,0.0075,,
1.1655,144,96.4,18.6,0.0075,,
1.174,145,98.2,18.6,0.0075,,
1.1815,146,100,18.6,0.0075,,
1.19,147,101.6,18.6,0.0075,,
1.1985,148,103.9,18.6,0.007,,
1.207,149,105.9,18.6,0.0075,,
1.2155,150,108.2,18.6,0.0075,,
1.224,151,110.6,18.6,0.0075,,
1.2315,152,113,18.6,0.0075,,
1.24,153,116,18.6,0.0075,,
1.248,154,118.7,18.6,0.007,,
1.2565,155,121.6,18.6,0.0075,,
1.265,156,124.8,18.6,0.0075,,
1.2735,157,128.3,18.6,0.0075,,
1.281,158,131,18.6,0.0075,,
1.2895,159,135,18.6,0.0075,,
1.298,160,138.5,18.6,0.007,,
1.3065,161,142.4,18.6,0.0075,,
1.3145,162,145.9,18.6,0.0075,,
1.323,163,149.7,18.6,0.0075,,
1.3305,164,153.1,18.6,0.0075,,
1.339,165,156.5,18.6,0.0075,,
1.3475,166,159.8,18.6,0.007,,
1.356,167,162.8,18.7,0.0075,,
1.3645,168,165.5,18.7,0.0075,,
1.373,169,167.8,18.7,0.0075,,
1.3805,170,170.4,18.7,0.0075,,
1.389,171,172.7,18.7,0.0085,,
1.3975,172,174.7,18.7,0.007,,
1.4055,173,176.7,18.7,0.0075,,
1.414,174,178.6,18.7,0.0075,,
1.4225,175,180.3,18.7,0.0075,,
1.43,176,182.1,19,0.0075,,
1.4385,177,183.6,19,0.0085,,
1.449,178,185,19,0.007,,
1.449,418,188.9,19,0.0075,,
1.4495,420,188.8,19,0.0075,,
1.451,420,188.9,19,0,,
1.4535,422,188.9,19,0.0005,,
1.4575,423,189.2,19,0.003,,
1.464,424,189.7,19,0.0015,,
1.4725,425,190.7,19,0.0065,,
1.48,426,191.6,19,0.011,,
1.4885,426,192.8,19,0.014,,
1.497,428,193.8,19,0.015,,
1.505,429,194.8,19,0.017,,
1.5135,430,195.7,19,0.0055,,
1.522,431,196.7,19,0.0135,,
1.5295,432,197.5,19,0.014,,
1.538,432,198.4,19,0.014,,
1.5465,434,199.3,19,0.015,,
1.555,435,200.1,19,0.017,,
1.5635,436,200.9,19,0.0055,,
1.5715,437,201.7,19,0.014,,
1.5795,438,202.4,19,0.014,,
1.5875,438,203.1,19,0.0135,,
1.596,440,203.8,19,0.016,,
1.6045,441,204.5,19,0.016,,
1.613,442,205.2,19,0.0055,,
1.6215,443,205.9,19,0.014,,
1.629,444,206.4,19,0.014,,
1.6375,444,207,19,0.014,,
1.646,446,207.7,19,0.015,,
1.6545,447,208.3,19,0.017,,
1.6625,448,208.9,19,0.0055,,
1.671,449,209.4,19,0.014,,
1.6785,450,209.9,19,0.0135,,
1.687,450,210.5,19,0.014,,
1.6955,452,211,19,0.015,,
1.704,453,211.5,19,0.017,,
1.7125,454,212,19,0.0055,,
1.7205,455,212.5,19,0.014,,
1.7285,456,213,19,0.014,,
1.7365,456,213.5,19,0.0135,,
1.745,458,214,19,0.016,,
1.7535,459,214.4,19,0.016,,
1.762,460,214.9,19,0.0055,,
1.7705,461,215.3,19,0.014,,
1.778,462,215.7,19,0.014,,
1.7865,462,216.2,19,0.014,,
1.795,464,216.7,19,0.015,,
1.803,465,217.1,19.1,0.017,,
1.8115,466,217.5,19.1,0.0055,,
1.82,467,217.9,19.1,0.0135,,
1.8275,468,218.3,19.1,0.014,,
1.836,468,218.6,19.1,0.014,,
1.8445,470,219,19.1,0.015,,
1.853,471,219.4,19.1,0.017,,
1.8615,472,219.8,19.1,0.0055,,
1.8695,473,220.1,19.1,0.014,,
1.8775,474,220.5,19.1,0.014,,
1.886,474,220.8,19.1,0.0135,,
1.894,476,221.2,19.1,0.016,,
1.9025,477,221.5,19.1,0.017,,
1.911,478,221.9,19.1,0.0055,,
1.9195,479,222.2,19.1,0.014,,
1.927,480,222.5,19.1,0.014,,
1.9355,480,222.8,19.1,0.014,,
1.944,482,223.2,19.1,0.015,,
1.9525,483,223.5,19.1,0.017,,
1.9605,484,223.8,19.1,0.0055,,
1.969,484,224.1,19.1,0.014,,
1.9765,486,224.4,19.1,0.0135,,
1.985,486,224.7,19.1,0.017,,
1.9935,488,225.1,19.1,0.005,,
2.002,489,225.3,19.1,0.017,,
2.0105,490,225.6,19.1,0.0055,,
2.019,490,225.9,19.1,0.014,,
2.0265,492,226.2,19.1,0.014,,
2.035,492,226.5,19.1,0.017,,
2.0435,494,226.8,19.1,0.005,,
2.0515,495,227.1,19.1,0.017,,
2.06,496,227.3,19.1,0.0055,,
2.0675,496,227.6,19.1,0.0135,,
2.076,498,227.9,19.1,0.014,,
2.0845,498,228.2,19.1,0.015,,
2.093,500,228.5,19.1,0.0055,,
2.1015,501,228.7,19.1,0.017,,
2.11,502,228.9,19.1,0.0055,,
2.1175,502,229.2,19.1,0.014,,
2.126,504,229.4,19.1,0.014,,
2.134,504,229.7,19.1,0.015,,
2.1425,506,229.9,19.1,0.0055,,
2.151,507,230.2,19.1,0.016,,
2.1595,508,230.5,19.1,0.0055,,
2.167,508,230.7,19.1,0.014,,
2.1755,510,230.9,19.1,0.014,,
2.184,510,231.1,19.1,0.015,,
2.1925,512,231.4,19.1,0.0055,,
2.2005,513,231.7,19.1,0.017,,
2.209,514,231.9,19.1,0.0055,,
2.2175,514,232,19.1,0.0135,,
2.225,516,232.3,19.1,0.014,,
2.2335,516,232.5,19.1,0.017,,
2.242,518,232.8,19.1,0.005,,
2.2505,519,233,19.1,0.017,,
2.259,520,233.1,19.1,0.0055,,
2.2665,520,233.4,19.1,0.014,,
2.275,522,233.6,19.1,0.014,,
2.283,522,233.8,19.1,0.015,,
2.2915,524,234,19.2,0.0055,,
2.2995,525,234.2,19.2,0.016,,
2.306,526,234.4,19.2,0.0055,,
2.306,526,234.6,19.2,0.0135,,
2.3095,528,234.6,19.2,0.011,,
Scope 1/1, Sample 2/3 (20190408_CRM1),,,,E acc. stat.,Volume acc. stat.
Result,TitrationEP1,,,,,
V,t,E,T,dV/dt,,
NaN,0,NaN,NaN,NaN,,
NaN,1,NaN,NaN,NaN,,
NaN,2,NaN,NaN,NaN,,
0.005,3,-67.3,21.4,0.002,,
0.009,4,-67.2,21.4,0.0025,,
0.015,5,-66.9,21.4,0.0035,,
0.0235,6,-66.5,21.4,0.0055,,
0.031,7,-65.6,21.4,0.0085,,
0.0395,8,-64.8,21.4,0.0075,,
0.048,9,-63.6,21.4,0.0085,,
0.0565,10,-62.5,21.4,0.0075,,
0.065,11,-61.2,21.4,0.0075,,
0.0725,12,-60.1,21.4,0.0075,,
0.081,13,-58.7,21.4,0.0075,,
0.0895,14,-57.2,21.4,0.0085,,
0.098,15,-55.5,21.4,0.0085,,
0.106,16,-53.9,21.4,0.0075,,
0.1145,17,-52.1,21.4,0.0075,,
0.122,18,-50.4,21.4,0.0075,,
0.1305,19,-48.4,21.4,0.0075,,
0.139,20,-46.3,21.4,0.0085,,
0.1475,21,-43.9,21.4,0.0085,,
0.156,22,-41.4,21.4,0.0075,,
0.1645,23,-38.7,21.4,0.0075,,
0.172,24,-36.2,21.4,0.0075,,
0.1805,25,-33.1,21.4,0.0075,,
0.189,26,-29.9,21.4,0.0085,,
0.197,27,-26.7,21.4,0.0075,,
0.2055,28,-23.3,21.4,0.0075,,
0.214,29,-19.8,21.4,0.0075,,
0.2215,30,-16.7,21.4,0.0075,,
0.23,31,-13.7,21.4,0.0075,,
0.2385,32,-11,21.4,0.0085,,
0.247,33,-8.8,21.4,0.0075,,
0.2555,34,-6.7,21.4,0.0075,,
0.2635,35,-5.1,21.4,0.0075,,
0.2715,36,-3.5,21.4,0.008,,
0.2795,37,-1.5,21.4,0.008,,
0.288,38,-0.1,21.4,0.008,,
0.2965,39,0.8,21.4,0.0075,,
0.305,40,2.1,21.4,0.0075,,
0.3135,41,3.2,21.4,0.0075,,
0.321,42,4.2,21.4,0.0075,,
0.3295,43,5.3,21.4,0.0075,,
0.338,44,6.3,21.4,0.0085,,
0.346,45,7.3,21.4,0.0075,,
0.3545,46,8.4,21.4,0.0075,,
0.363,47,9.5,21.4,0.0075,,
0.3705,48,10.4,21.4,0.0075,,
0.379,49,11.5,21.4,0.0075,,
0.3875,50,12.5,21.4,0.0085,,
0.396,51,13.5,21.4,0.0075,,
0.4045,52,14.4,21.4,0.0075,,
0.4125,53,15.2,21.4,0.0075,,
0.4205,54,16.1,21.4,0.0075,,
0.4285,55,17,21.4,0.008,,
0.437,56,17.9,21.4,0.008,,
0.4455,57,18.8,21.4,0.0075,,
0.454,58,19.6,21.4,0.0075,,
0.4625,59,20.5,21.4,0.0075,,
0.47,60,21.3,21.4,0.0085,,
0.4785,61,22.2,21.4,0.0075,,
0.487,62,23.1,21.4,0.0085,,
0.4955,63,24,21.4,0.0075,,
0.5035,64,24.9,21.4,0.0075,,
0.512,65,25.7,21.4,0.0075,,
0.5195,66,26.5,21.4,0.0085,,
0.528,67,27.2,21.4,0.0075,,
0.5365,68,28.1,21.4,0.0085,,
0.545,69,28.9,21.4,0.0075,,
0.5535,70,29.8,21.4,0.0075,,
0.561,71,30.5,21.4,0.0075,,
0.5695,72,31.3,21.4,0.0075,,
0.578,73,32.1,21.4,0.0085,,
0.586,74,32.9,21.4,0.0085,,
0.5945,75,33.7,21.4,0.0075,,
0.603,76,34.5,21.4,0.0075,,
0.6115,77,35.3,21.4,0.0075,,
0.619,78,36.1,21.4,0.0085,,
0.6275,79,36.8,21.4,0.0075,,
0.636,80,37.6,21.4,0.0085,,
0.6445,81,38.5,21.4,0.0075,,
0.653,82,39.3,21.4,0.0075,,
0.6605,83,40,21.4,0.0075,,
0.669,84,40.9,21.4,0.0075,,
0.677,85,41.7,21.4,0.0085,,
0.6855,86,42.4,21.4,0.0075,,
0.694,87,43.2,21.4,0.0075,,
0.7025,88,44,21.4,0.0075,,
0.71,89,44.7,21.4,0.0075,,
0.7185,90,45.5,21.4,0.0075,,
0.727,91,46.4,21.4,0.0085,,
0.7355,92,47.1,21.4,0.0075,,
0.744,93,48,21.4,0.0075,,
0.752,94,48.7,21.4,0.0075,,
0.76,95,49.5,21.4,0.008,,
0.768,96,50.3,21.4,0.008,,
0.7765,97,51.1,21.4,0.008,,
0.785,98,52,21.4,0.0075,,
0.7935,99,52.8,21.4,0.0075,,
0.802,100,53.6,21.4,0.0075,,
0.8095,101,54.3,21.4,0.0075,,
0.818,102,55.2,21.4,0.0075,,
0.826,103,56,21.4,0.0085,,
0.8345,104,56.9,21.4,0.0075,,
0.843,105,57.8,21.4,0.0075,,
0.8515,106,58.7,21.4,0.0075,,
0.859,107,59.5,21.4,0.0075,,
0.8675,108,60.3,21.4,0.0075,,
0.876,109,61.2,21.4,0.0085,,
0.8845,110,62.1,21.4,0.0075,,
0.8925,111,63.1,21.4,0.0075,,
0.901,112,64,21.4,0.0075,,
0.909,113,64.8,21.4,0.0075,,
0.917,114,65.6,21.4,0.008,,
0.9255,115,66.4,21.4,0.008,,
0.934,116,67.3,21.4,0.0075,,
0.9425,117,68.3,21.4,0.0075,,
0.951,118,69.2,21.4,0.0075,,
0.9585,119,70.2,21.4,0.0085,,
0.967,120,71.4,21.4,0.0075,,
0.9755,121,72.4,21.4,0.0085,,
0.9835,122,73.3,21.4,0.0085,,
0.992,123,74.5,21.4,0.0075,,
1.0005,124,75.5,21.4,0.0075,,
1.008,125,76.4,21.4,0.0075,,
1.0165,126,77.4,21.4,0.0075,,
1.025,127,78.6,21.4,0.0085,,
1.0335,128,79.6,21.4,0.0075,,
1.042,129,80.8,21.4,0.0075,,
1.05,130,81.9,21.4,0.0075,,
1.058,131,83.1,21.4,0.008,,
1.066,132,84.4,21.4,0.008,,
1.0745,133,85.8,21.4,0.008,,
1.083,134,87,21.4,0.0075,,
1.0915,135,88.5,21.4,0.0075,,
1.1,136,89.9,21.4,0.0075,,
1.1075,137,91.1,21.4,0.0075,,
1.116,138,92.7,21.4,0.0075,,
1.1245,139,94.2,21.4,0.0085,,
1.133,140,95.8,21.4,0.0075,,
1.141,141,97.3,21.4,0.0075,,
1.1495,142,98.7,21.4,0.0075,,
1.157,143,100.5,21.4,0.0085,,
1.1655,144,102.6,21.4,0.0075,,
1.174,145,104.3,21.4,0.0085,,
1.1825,146,106.3,21.4,0.0075,,
1.191,147,108.6,21.4,0.0075,,
1.1995,148,110.9,21.4,0.0075,,
1.207,149,113.4,21.4,0.0085,,
1.215,150,115.8,21.4,0.0075,,
1.2235,151,118.3,21.4,0.008,,
1.232,152,121.2,21.4,0.0075,,
1.2405,153,124.6,21.4,0.0075,,
1.249,154,127.5,21.4,0.0075,,
1.2565,155,131.1,21.4,0.0085,,
1.265,156,134.5,21.4,0.0075,,
1.2735,157,138.2,21.4,0.0085,,
1.282,158,141.8,21.4,0.0075,,
1.29,159,145.8,21.4,0.0075,,
1.2985,160,149.3,21.4,0.0075,,
1.306,161,152.8,21.4,0.0075,,
1.3145,162,156.4,21.4,0.0075,,
1.323,163,159.7,21.4,0.0085,,
1.3315,164,162.9,21.4,0.0075,,
1.34,165,166.1,21.4,0.0075,,
1.3475,166,168.6,21.4,0.0075,,
1.356,167,171.4,21.4,0.0075,,
1.3645,168,173.6,21.4,0.0085,,
1.3725,169,175.8,21.4,0.0085,,
1.381,170,178,21.4,0.0075,,
1.3895,171,179.9,21.4,0.0075,,
1.398,172,181.6,21.4,0.0075,,
1.4055,173,183.2,21.4,0.0085,,
1.414,174,184.8,21.4,0.0075,,
1.4175,174,185.1,21.5,0.0085,,
1.4175,414,188.2,21.5,0.007,,
1.418,416,188.3,21.5,0,,
1.4195,416,188.3,21.5,0.0005,,
1.422,418,188.4,21.5,0.003,,
1.426,419,188.7,21.5,0.0015,,
1.432,420,189.3,21.5,0.0065,,
1.4405,420,190.2,21.5,0.01,,
1.448,422,191.3,21.5,0.017,,
1.4565,422,192.5,21.5,0.005,,
1.465,424,193.7,21.5,0.017,,
1.4735,425,194.8,21.5,0.0055,,
1.4815,426,195.8,21.5,0.014,,
1.49,426,196.7,21.5,0.0135,,
1.4975,428,197.7,21.5,0.017,,
1.506,428,198.7,21.5,0.005,,
1.5145,430,199.6,21.5,0.017,,
1.523,431,200.4,21.5,0.0055,,
1.5315,432,201.3,21.5,0.014,,
1.54,432,202.1,21.5,0.014,,
1.5475,434,202.9,21.5,0.017,,
1.556,434,203.6,21.5,0.005,,
1.564,436,204.5,21.5,0.017,,
1.5725,437,205.2,21.5,0.005,,
1.581,438,205.8,21.5,0.014,,
1.5895,438,206.4,21.5,0.014,,
1.597,440,207.1,21.5,0.017,,
1.6055,440,207.8,21.5,0.005,,
1.614,442,208.4,21.5,0.017,,
1.6225,443,209.1,21.5,0.0055,,
1.631,444,209.7,21.5,0.014,,
1.6385,444,210.2,21.5,0.014,,
1.647,446,210.8,21.5,0.015,,
1.655,446,211.4,21.5,0.0055,,
1.6635,448,212,21.5,0.016,,
1.672,449,212.5,21.5,0.0055,,
1.6805,450,213.1,21.5,0.014,,
1.688,450,213.6,21.5,0.014,,
1.6965,452,214,21.5,0.015,,
1.705,452,214.5,21.5,0.0055,,
1.7135,454,215,21.5,0.017,,
1.722,455,215.5,21.5,0.0055,,
1.73,456,216,21.5,0.014,,
1.738,456,216.4,21.5,0.0135,,
1.746,458,217,21.5,0.016,,
1.7545,458,217.3,21.5,0.0055,,
1.763,460,217.8,21.5,0.017,,
1.7715,461,218.2,21.5,0.0055,,
1.78,462,218.6,21.5,0.014,,
1.788,462,219,21.5,0.014,,
1.796,464,219.4,21.5,0.016,,
1.804,464,219.8,21.5,0.0055,,
1.8125,466,220.2,21.5,0.016,,
1.821,467,220.7,21.5,0.0055,,
1.8295,468,221.1,21.5,0.014,,
1.837,468,221.4,21.5,0.014,,
1.8455,470,221.8,21.5,0.015,,
1.854,470,222.1,21.5,0.0055,,
1.8625,472,222.6,21.5,0.017,,
1.8705,473,222.9,21.5,0.0055,,
1.879,474,223.3,21.5,0.0135,,
1.887,474,223.5,21.6,0.014,,
1.895,476,223.9,21.6,0.016,,
1.9035,476,224.2,21.5,0.0055,,
1.912,478,224.6,21.5,0.017,,
1.9205,479,224.9,21.5,0.0055,,
1.929,480,225.3,21.5,0.014,,
1.9365,480,225.5,21.5,0.014,,
1.945,482,225.9,21.6,0.015,,
1.953,482,226.2,21.6,0.0055,,
1.9615,484,226.6,21.6,0.016,,
1.97,485,226.9,21.6,0.0055,,
1.9785,486,227.1,21.6,0.014,,
1.986,486,227.4,21.6,0.014,,
1.9945,488,227.7,21.6,0.015,,
2.003,488,228,21.6,0.0055,,
2.0115,490,228.3,21.6,0.017,,
2.02,491,228.6,21.6,0.0055,,
2.028,492,228.8,21.6,0.014,,
2.036,492,229.2,21.6,0.0135,,
2.044,494,229.4,21.6,0.016,,
2.0525,494,229.7,21.6,0.0055,,
2.061,496,230,21.6,0.017,,
2.0695,497,230.2,21.6,0.0055,,
2.078,498,230.5,21.6,0.014,,
2.0855,498,230.7,21.6,0.014,,
2.094,500,231,21.6,0.015,,
2.1025,501,231.2,21.6,0.0055,,
2.111,502,231.5,21.6,0.014,,
2.119,503,231.8,21.6,0.014,,
2.1275,504,232,21.6,0.0135,,
2.135,504,232.3,21.6,0.017,,
2.1435,506,232.5,21.6,0.015,,
2.152,507,232.8,21.6,0.0055,,
2.1605,508,233,21.6,0.014,,
2.169,509,233.2,21.6,0.014,,
2.1765,510,233.4,21.6,0.014,E acc. stat.,Volume acc. stat.
2.185,510,233.6,21.6,0.015,,
2.1935,512,233.9,21.6,0.017,,
Scope 1/1, Sample 3/3 (20190408_CRM2),,,,,
Result,TitrationEP1,,,,,
V,t,E,T,dV/dt,,
NaN,0,NaN,NaN,NaN,,
NaN,1,NaN,NaN,NaN,,
NaN,2,NaN,NaN,NaN,,
0.005,3,-67.3,21.5,0.0025,,
0.009,4,-67.3,21.5,0.0035,,
0.015,5,-67,21.5,0.0055,,
0.0235,6,-66.5,21.5,0.0075,,
0.031,7,-65.7,21.5,0.0075,,
0.0395,8,-64.8,21.5,0.0085,,
0.048,9,-63.7,21.5,0.0075,,
0.0565,10,-62.5,21.5,0.0075,,
0.065,11,-61.2,21.5,0.0075,,
0.0735,12,-59.9,21.5,0.0075,,
0.081,13,-58.7,21.5,0.0075,,
0.0895,14,-57.2,21.5,0.0085,,
0.0975,15,-55.6,21.5,0.0075,,
0.106,16,-54,21.5,0.0075,,
0.1145,17,-52.2,21.5,0.0075,,
0.123,18,-50.4,21.5,0.0075,,
0.1305,19,-48.5,21.5,0.0075,,
0.139,20,-46.4,21.5,0.0085,,
0.1475,21,-44.1,21.5,0.0075,,
0.156,22,-41.6,21.5,0.0075,,
0.164,23,-38.9,21.5,0.0075,,
0.1725,24,-36.3,21.5,0.0085,,
0.18,25,-33.3,21.5,0.0075,,
0.1885,26,-30.2,21.5,0.0085,,
0.197,27,-26.9,21.5,0.0075,,
0.2055,28,-23.4,21.5,0.0075,,
0.214,29,-20.1,21.5,0.0075,,
0.2225,30,-17.2,21.5,0.0085,,
0.23,31,-14.1,21.5,0.0075,,
0.2385,32,-11.4,21.5,0.0085,,
0.2465,33,-9.2,21.5,0.0075,,
0.255,34,-7.3,21.5,0.0075,,
0.2635,35,-5.5,21.5,0.0075,,
0.272,36,-3.9,21.5,0.0075,,
0.2795,37,-2.3,21.5,0.0075,,
0.288,38,-0.3,21.5,0.0085,,
0.2965,39,0.2,21.5,0.0075,,
0.305,40,1.4,21.5,0.0075,,
0.3135,41,2.6,21.5,0.0075,,
0.321,42,3.6,21.5,0.0075,,
0.3295,43,4.9,21.5,0.0085,,
0.3375,44,6,21.5,0.008,,
0.346,45,7,21.5,0.0075,,
0.3545,46,8,21.5,0.0075,,
0.363,47,9.1,21.5,0.0075,,
0.3705,48,10.1,21.5,0.0075,,
0.379,49,11.1,21.5,0.0085,,
0.3875,50,12.1,21.5,0.0075,,
0.396,51,13.1,21.5,0.0075,,
0.4045,52,14,21.5,0.0075,,
0.4125,53,15,21.5,0.0075,,
0.4205,54,15.9,21.5,0.008,,
0.4285,55,16.7,21.5,0.008,,
0.437,56,17.5,21.5,0.0075,,
0.4455,57,18.4,21.5,0.0075,,
0.454,58,19.2,21.5,0.0075,,
0.4625,59,20.2,21.5,0.0075,,
0.47,60,21,21.5,0.0075,,
0.4785,61,21.9,21.5,0.0085,,
0.487,62,22.8,21.5,0.0075,,
0.495,63,23.6,21.5,0.0075,,
0.5035,64,24.5,21.5,0.0075,,
0.512,65,25.3,21.5,0.0085,,
0.5195,66,26.1,21.5,0.0075,,
0.528,67,26.9,21.5,0.0085,,
0.5365,68,27.8,21.5,0.0075,,
0.545,69,28.6,21.5,0.0075,,
0.5535,70,29.4,21.5,0.0075,,
0.562,71,30.1,21.5,0.0085,,
0.5695,72,30.9,21.5,0.0075,,
0.578,73,31.8,21.5,0.0085,,
0.586,74,32.5,21.5,0.0075,,
0.5945,75,33.4,21.5,0.0075,,
0.603,76,34.2,21.5,0.0075,,
0.6115,77,35,21.5,0.0085,,
0.619,78,36.1,21.5,0.0075,,
0.6275,79,36.9,21.5,0.0085,,
0.636,80,37.8,21.5,0.0075,,
0.6445,81,38.5,21.5,0.0075,,
0.653,82,39.2,21.5,0.0075,,
0.6605,83,39.9,21.5,0.0075,,
0.669,84,40.7,21.5,0.0085,,
0.677,85,41.5,21.5,0.008,,
0.6855,86,42.3,21.5,0.0075,,
0.694,87,43,21.5,0.0075,,
0.7025,88,43.9,21.5,0.0075,,
0.71,89,44.7,21.5,0.0075,,
0.7185,90,45.4,21.5,0.0085,,
0.727,91,46.3,21.5,0.0075,,
0.7355,92,47.1,21.5,0.0075,,
0.7435,93,47.8,21.5,0.0075,,
0.752,94,48.6,21.5,0.0075,,
0.7595,95,49.3,21.5,0.0075,,
0.768,96,50.1,21.5,0.0085,,
0.7765,97,51.1,21.5,0.0075,,
0.785,98,52,21.5,0.0075,,
0.7935,99,52.7,21.5,0.0075,,
0.802,100,53.6,21.5,0.0075,,
0.8095,101,54.3,21.5,0.0075,,
0.818,102,55.1,21.5,0.0085,,
0.8265,103,55.9,21.5,0.0075,,
0.8345,104,56.7,21.5,0.0075,,
0.843,105,57.5,21.5,0.0075,,
0.8515,106,58.5,21.5,0.0075,,
0.859,107,59.3,21.5,0.0075,,
0.8675,108,60.2,21.5,0.0085,,
0.876,109,61,21.5,0.0075,,
0.8845,110,61.9,21.5,0.0075,,
0.893,111,62.8,21.5,0.0075,,
0.901,112,64,21.5,0.0075,,
0.909,113,64.7,21.5,0.008,,
0.917,114,65.8,21.5,0.008,,
0.9255,115,66.7,21.5,0.0075,,
0.934,116,67.6,21.5,0.0075,,
0.9425,117,68.6,21.5,0.0075,,
0.951,118,69.4,21.5,0.0085,,
0.9585,119,70.4,21.5,0.0075,,
0.967,120,71.3,21.5,0.0085,,
0.9755,121,72.2,21.5,0.0075,,
0.9835,122,73.3,21.5,0.0075,,
0.992,123,74.3,21.5,0.0075,,
1,124,75.3,21.5,0.008,,
1.008,125,76.4,21.5,0.008,,
1.0165,126,77.7,21.5,0.0085,,
1.025,127,78.8,21.5,0.0075,,
1.0335,128,80,21.5,0.0075,,
1.042,129,81,21.5,0.0075,,
1.0495,130,82,21.5,0.0075,,
1.058,131,83.4,21.5,0.0085,,
1.0665,132,84.6,21.5,0.0075,,
1.0745,133,85.8,21.5,0.0075,,
1.083,134,87.1,21.5,0.0075,,
1.0915,135,88.4,21.5,0.0075,,
1.099,136,89.8,21.5,0.0075,,
1.1075,137,91.2,21.5,0.0085,,
1.116,138,92.8,21.5,0.0075,,
1.1245,139,94.4,21.5,0.0075,,
1.133,140,96,21.5,0.0075,,
1.1415,141,97.8,21.6,0.0075,,
1.149,142,99.2,21.6,0.0075,,
1.1575,143,101.1,21.5,0.0085,,
1.1655,144,103,21.5,0.0075,,
1.174,145,105.1,21.6,0.0075,,
1.1825,146,107.3,21.6,0.0075,,
1.191,147,109.2,21.6,0.0075,,
1.1985,148,111.4,21.6,0.0075,,
1.207,149,113.8,21.6,0.0085,,
1.2155,150,116.3,21.6,0.0075,,
1.224,151,119.4,21.6,0.0075,,
1.232,152,122.4,21.6,0.0075,,
1.2405,153,125.5,21.6,0.0085,,
1.248,154,128.9,21.6,0.0075,,
1.2565,155,132.3,21.6,0.0085,,
1.265,156,136.1,21.6,0.0075,,
1.2735,157,139.6,21.6,0.0075,,
1.282,158,143.4,21.6,0.0075,,
1.2905,159,146.9,21.6,0.0085,,
1.298,160,150.8,21.6,0.0075,,
1.3065,161,154.4,21.6,0.0085,,
1.315,162,157.9,21.6,0.0075,,
1.323,163,161.1,21.6,0.0075,,
1.3315,164,164.6,21.6,0.0075,,
1.339,165,167.1,21.6,0.0075,,
1.3475,166,169.9,21.6,0.0085,,
1.356,167,172.3,21.6,0.0075,,
1.3645,168,174.5,21.6,0.0075,,
1.373,169,176.8,21.6,0.0075,,
1.3815,170,178.8,21.6,0.0075,,
1.389,171,180.5,21.6,0.0075,,
1.3975,172,182.1,21.6,0.0085,,
1.406,173,184,21.6,0.0075,,
1.4145,174,185.1,21.6,0.007,,
1.4145,414,188.4,21.7,0,,
1.415,415,188.4,21.7,0.0005,,
1.4165,416,188.4,21.7,0.001,,
1.419,417,188.5,21.7,0.002,,
1.423,418,188.8,21.7,0.003,,
1.4295,419,189.5,21.7,0.005,,
1.438,420,190.5,21.7,0.0065,,
1.4455,421,191.5,21.7,0.006,,
1.454,422,192.8,21.7,0.007,,
1.4625,423,193.9,21.7,0.0065,,
1.471,424,195,21.7,0.0065,,
1.479,425,196,21.7,0.006,,
1.4875,426,196.9,21.7,0.007,,
1.495,427,197.8,21.7,0.006,,
1.5035,428,198.7,21.7,0.007,,
1.512,429,199.7,21.7,0.007,,
1.5205,430,200.5,21.7,0.0065,,
1.529,431,201.4,21.7,0.0065,,
1.5375,432,202.2,21.7,0.0065,,
1.545,433,203,21.7,0.006,,
1.5535,434,203.7,21.7,0.007,,
1.5615,435,204.5,21.7,0.006,,
1.57,436,205.3,21.7,0.0065,,
1.5785,437,206,21.7,0.0065,,
1.587,438,206.6,21.7,0.007,,
1.5945,439,207.2,21.7,0.006,,
1.603,440,207.9,21.7,0.007,,
1.6115,441,208.5,21.7,0.0065,,
1.62,442,209.1,21.7,0.0065,,
1.6285,443,209.8,21.7,0.0065,,
1.6365,444,210.3,21.7,0.0065,,
1.6445,445,210.9,21.7,0.0065,,
1.6525,446,211.5,21.7,0.0065,,
1.661,447,212,21.7,0.0065,,
1.6695,448,212.6,21.7,0.0065,,
1.678,449,213.2,21.7,0.0065,,
1.6855,450,213.6,21.7,0.006,,
1.694,451,214.1,21.7,0.007,,
1.7025,452,214.6,21.7,0.007,,
1.711,453,215.1,21.7,0.0065,,
1.719,454,215.6,21.7,0.006,,
1.7275,455,216.1,21.7,0.0065,,
1.735,456,216.5,21.7,0.006,,
1.7435,457,217,21.7,0.007,,
1.752,458,217.4,21.7,0.007,,
1.7605,459,217.9,21.7,0.0065,,
1.769,460,218.3,21.7,0.0065,,
1.7775,461,218.8,21.7,0.0065,,
1.785,462,219.2,21.7,0.006,,
1.7935,463,219.5,21.7,0.007,,
1.802,464,220,21.7,0.007,,
1.81,465,220.3,21.7,0.006,,
1.8185,466,220.7,21.7,0.0065,,
1.827,467,221.1,21.7,0.0065,,
1.8345,468,221.5,21.7,0.006,,
1.843,469,221.9,21.7,0.007,,
1.8515,470,222.2,21.7,0.007,,
1.86,471,222.6,21.7,0.0065,,
1.8685,472,223,21.7,0.0065,,
1.8765,473,223.3,21.7,0.006,,
1.8845,474,223.7,21.7,0.0065,,
1.893,475,224,21.7,0.007,,
1.901,476,224.4,21.7,0.006,,
1.9095,477,224.6,21.7,0.0065,,
1.918,478,225,21.7,0.0065,,
1.9265,479,225.3,21.7,0.0065,,
1.934,480,225.6,21.7,0.0065,,
1.9425,481,225.9,21.7,0.007,,
1.951,482,226.3,21.7,0.007,,
1.9595,483,226.6,21.7,0.0065,,
1.9675,484,226.9,21.7,0.006,,
1.976,485,227.2,21.7,0.0065,,
1.9835,486,227.5,21.7,0.0065,,
1.992,487,227.8,21.7,0.007,,
2.0005,488,228.1,21.7,0.007,,
2.009,489,228.3,21.7,0.0065,,
2.0175,490,228.7,21.7,0.0065,,
2.026,491,229,21.7,0.0065,,
2.0335,492,229.2,21.7,0.006,,
2.0415,493,229.5,21.7,0.0065,,
2.05,494,229.8,21.7,0.007,,
2.0585,495,230.1,21.7,0.0065,,
2.067,496,230.4,21.7,0.0065,,
2.0755,497,230.6,21.7,0.0065,,
2.083,498,230.8,21.7,0.006,,
2.0915,499,231.1,21.7,0.007,,
2.1,500,231.3,21.7,0.0065,,
2.1085,501,231.6,21.7,0.0065,,
2.1165,502,231.8,21.7,0.006,,
2.125,503,232.3,21.7,0.0065,,
2.1325,504,232.5,21.7,0.006,,
2.141,505,232.7,21.7,0.007,,
2.1495,506,232.9,21.7,0.007,,
2.158,507,233.1,21.7,0.0065,,
2.1665,508,233.4,21.7,0.0065,,
2.175,509,233.6,21.7,0.0065,,
2.1825,510,233.8,21.7,0.006,,
