Measurement Name :,20190222_resp_embryos,,Generated On :,"22/02/2019, 00:37:24",,,Calibration details for Oxygen,,,Report :,"@m01:IDENTIFICATION
Serial number     : SEBX0007000710      
MUX channel       : ON - 01

PARAMETERS
Sig LED current   : 040
Ref LED current   : 075
Frequency         : 060
Sending interval  : 0000
Pulse lenght      : 06
Red REF comp.     : ON
Temperature comp. : ON

FIRMWARE
ver.4.039.A3.ST   : 04/30/07, 09:14:36
@m01:RDY

",,Other Report :,"Start Temperature : 
End Temperature        : 
Start Humidity         : 
End Humidity           : 
Ref.phase Corre        : 1
Dig. Ampl.Factor       : 
Mod. Coarse Freq.      : 
Mod. Fine Freq.        : 
Mod. Shape             : 
Mono or Stero          : 
Phase Shift            : 
Sampling Rate          : 
Temp. Corr Slop Coef   : 
",,,,,,,,,,,,,,,,,Start Date/Time:,"22/02/2019, 00:09:32",,,,,,Batch No.:  ,PSt5-1814-01,,,,,,,,,,,,,,,,,,,,,,,End Date/Time:,"22/02/2019, 00:37:12",,,,,,O2_cal0 [¡],54.84,,,,,,,,,,,,,,,,,,,,,,,User Comment :,0,,Meas. Created By :,admin,,,O2_cal2nd [¡],47.47,,,,,,,,,,,,,,,,,,,,,,,SDR Serial No. :,S-710,,,,,,O2_T0 [¡C],22.6,,,,,,,,,,,,,,,,,,,,,,,Parameter :,Oxygen [cO2 [µmol/L]],,,,,,O2_T2nd [¡C],22.6,,,,,,,,,,,,,,,,,,,,,,,,,,,,,,O2_patm [mbar],968,,,,,,,,,,,,,,,,,,,,,,,,,,,,,,O2_2nd [% a.s.],100,,,,,,,,,,,,,,,,,,,,,,,,,,,,,,,,,,,,,,,,,,,,,,,,,,,,,,,,,,,,,,,,,,,,,,,,,,,,,,,,,,,,,,,,,,,,,,,,,,,,,,,,,,,,,,,,,,,,,,,,,,,,,,,,,,,,,,,,,,,,,,,,,,,Date/Time,Time/Min.,A1,B1,C1,D1,A2,B2,C2,D2,A3,B3,C3,D3,A4,B4,C4,D4,A5,B5,C5,D5,A6,B6,C6,D6,,Tm [¡C],p [mbar],Salinity [g/1000g],T_internal [¡C],Error22.02.19 00:09:34,0.03,324.08,323.6,328.44,330.86,330.38,326.5,328.44,329.41,336.22,331.83,329.41,326.5,331.83,333.29,331.83,319.27,338.17,336.71,340.62,325.53,340.13,338.66,333.78,325.05,,12,968,28,18.22,22.02.19 00:09:49,0.28,322.64,322.16,327.95,329.89,330.38,326.02,327.95,328.92,335.73,331.35,328.44,326.02,331.83,332.32,331.83,318.31,336.22,336.22,339.15,326.5,338.66,337.68,332.81,323.12,,12,968,28,18.15,22.02.19 00:10:04,0.53,322.16,321.19,326.02,328.92,328.92,325.05,326.98,328.44,334.75,330.38,327.95,325.53,329.89,331.35,330.38,317.83,336.22,334.27,338.17,325.53,337.68,336.22,332.32,323.6,,12,968,28,18.09,22.02.19 00:10:19,0.78,321.67,321.19,326.02,328.92,328.92,325.05,326.98,327.95,335.24,330.86,327.47,324.57,330.38,330.86,330.38,318.31,336.22,334.75,338.66,324.08,338.66,337.19,333.78,324.57,,12,968,28,18.07,22.02.19 00:10:34,1.03,320.23,319.27,325.05,327.47,326.98,324.08,326.02,327.95,333.78,329.41,326.98,324.08,328.92,329.89,329.41,317.35,334.27,334.27,338.17,323.12,337.19,335.73,330.86,323.6,,12,968,28,18.02,22.02.19 00:10:49,1.28,319.27,318.31,323.6,326.98,326.98,323.6,325.05,326.5,332.81,329.41,326.5,323.12,327.95,329.41,328.92,315.91,332.81,332.81,337.19,322.16,337.19,334.27,331.83,322.16,,12,968,28,17.97,22.02.19 00:11:04,1.53,319.27,318.31,323.12,326.5,326.5,323.12,325.53,326.98,332.81,328.92,326.02,323.12,327.95,329.89,328.92,316.39,333.78,332.32,337.19,324.08,336.71,335.24,330.38,322.64,,12,968,28,17.95,22.02.19 00:11:19,1.78,317.83,316.87,322.16,325.05,325.53,322.16,324.08,325.53,331.35,328.44,324.57,322.16,327.47,328.44,327.47,315.43,331.83,331.35,334.75,320.23,334.75,333.29,330.38,319.27,,12,968,28,17.91,22.02.19 00:11:34,2.03,317.35,316.87,321.67,324.57,325.05,321.67,324.08,325.05,331.83,327.47,325.05,321.19,327.95,328.92,326.98,315.43,331.35,331.83,336.22,321.67,334.27,333.29,329.89,319.75,,12,968,28,17.86,22.02.19 00:11:49,2.28,315.91,315.43,320.23,323.6,323.6,321.19,323.12,324.57,330.38,326.5,324.08,320.23,326.5,326.98,326.5,314.47,331.35,329.89,335.24,320.71,333.29,333.29,329.41,319.27,,12,968,28,17.82,22.02.19 00:12:04,2.53,315.43,314.47,320.23,323.12,323.6,320.71,321.67,324.57,330.38,326.5,323.6,319.75,325.05,327.47,326.02,314.47,330.38,330.86,333.78,320.23,334.27,332.81,329.41,319.27,,12,968,28,17.77,22.02.19 00:12:19,2.78,315.43,314.47,319.27,322.16,322.64,319.75,321.67,324.08,329.41,326.5,323.12,319.75,326.02,326.02,326.02,312.56,329.41,329.41,334.27,320.23,332.32,331.83,326.98,319.27,,12,968,28,17.73,22.02.19 00:12:34,3.03,314,313.52,318.79,321.19,322.16,319.27,321.19,323.12,327.95,326.02,322.64,318.79,324.08,325.05,325.05,314,329.89,328.44,333.78,318.31,332.81,330.38,328.44,317.83,,12,968,28,17.7,22.02.19 00:12:49,3.28,313.52,313.04,317.83,320.71,321.19,318.79,320.71,322.64,328.44,324.08,322.16,317.83,323.6,325.05,325.05,312.08,328.44,327.95,332.81,318.79,330.86,328.44,327.95,317.83,,12,968,28,17.66,22.02.19 00:13:05,3.55,313.52,312.56,317.35,320.23,321.67,318.79,320.71,322.16,327.47,324.57,322.16,318.31,323.12,325.05,324.08,313.04,327.95,328.44,331.83,317.35,332.32,329.89,326.02,315.91,,12,968,28,17.63,22.02.19 00:13:20,3.8,312.08,312.08,316.39,319.75,320.23,317.83,319.75,321.67,326.5,323.12,321.67,317.35,322.64,323.6,323.6,311.61,326.98,328.44,331.35,316.87,330.86,328.92,325.53,317.35,,12,968,28,17.59,22.02.19 00:13:35,4.05,312.08,311.13,316.39,319.27,320.23,317.35,319.27,321.67,326.02,324.08,320.71,317.35,322.16,323.6,323.6,312.08,327.47,326.98,331.35,317.83,329.89,329.41,325.53,316.39,,12,968,28,17.56,22.02.19 00:13:50,4.3,311.13,310.65,315.43,318.31,318.79,316.87,318.79,321.19,325.53,322.64,320.23,316.39,321.19,322.64,322.16,310.18,326.5,325.53,330.86,315.43,329.41,326.5,324.57,314.47,,12,968,28,17.52,22.02.19 00:14:05,4.55,311.13,310.18,314.95,317.35,318.31,316.39,317.83,320.23,325.05,322.64,319.75,315.91,320.23,322.64,322.16,309.22,325.05,326.02,330.86,315.91,328.92,328.44,324.08,315.43,,12,968,28,17.48,22.02.19 00:14:20,4.8,310.18,309.22,314.47,317.35,317.83,315.91,318.31,319.75,324.57,321.67,319.75,315.43,319.75,322.64,321.67,310.65,325.53,325.05,330.38,315.91,329.89,329.41,325.05,312.56,,12,968,28,17.45,22.02.19 00:14:35,5.05,309.22,308.75,313.52,315.91,317.83,315.43,317.35,318.79,324.08,320.71,319.27,314.95,319.75,321.67,320.71,309.22,324.57,324.57,330.38,315.43,327.95,327.47,323.6,314,,12,968,28,17.41,22.02.19 00:14:50,5.3,308.75,308.27,313.04,315.43,316.39,314.95,316.39,319.27,324.08,320.71,317.83,314.47,318.79,320.71,320.23,308.75,324.08,324.08,328.92,314.47,328.44,326.98,323.12,312.56,,12,968,28,17.38,22.02.19 00:15:05,5.55,308.75,308.27,313.04,315.91,316.39,314.47,315.91,318.31,323.6,320.71,317.83,314,318.79,320.23,320.23,308.75,323.6,323.6,329.89,314.47,328.44,326.02,323.6,314,,12,968,28,17.36,22.02.19 00:15:20,5.8,308.27,307.8,312.56,314.47,316.39,314.47,315.91,317.83,322.16,319.75,317.35,313.04,317.83,319.75,319.75,308.75,323.12,324.08,328.92,314.47,327.95,326.02,322.16,311.61,,12,968,28,17.32,22.02.19 00:15:35,6.05,307.8,307.32,312.08,314,315.91,313.52,314.95,317.83,322.64,319.75,316.87,313.04,317.35,319.75,319.27,306.85,324.08,322.64,327.95,313.04,327.47,326.02,324.08,311.13,,12,968,28,17.29,22.02.19 00:15:50,6.3,307.32,306.85,311.61,314,314.95,312.56,314.95,316.39,322.64,319.75,315.91,312.56,316.39,319.27,318.31,307.8,321.67,323.12,327.95,314,328.44,324.57,321.67,313.04,,12,968,28,17.27,22.02.19 00:16:05,6.55,306.85,306.85,311.13,313.04,314,312.08,314.47,316.87,321.67,318.31,315.91,312.08,316.39,318.31,317.83,307.32,323.12,322.16,327.95,311.61,324.08,324.57,320.71,311.13,,12,968,28,17.23,22.02.19 00:16:20,6.8,306.37,305.42,310.65,313.04,314,311.61,314,316.39,321.19,318.31,315.91,312.08,315.43,317.83,317.35,306.85,321.67,321.67,326.98,312.08,323.6,325.53,321.19,311.13,,12,968,28,17.2,22.02.19 00:16:35,7.05,305.9,305.42,310.18,312.08,312.56,311.61,313.04,315.43,320.23,317.35,314.95,310.65,314.47,317.35,316.87,305.42,321.19,321.67,326.98,312.08,325.05,324.08,319.27,310.65,,12,968,28,17.18,22.02.19 00:16:50,7.3,305.42,305.42,309.7,311.61,312.56,311.13,312.56,315.43,319.75,316.87,314.95,311.13,314.95,316.87,316.87,304.47,320.23,320.71,326.02,312.08,325.53,323.12,320.71,311.61,,12,968,28,17.14,22.02.19 00:17:05,7.55,304.47,304.47,309.22,311.13,312.56,310.65,311.61,314,318.79,316.87,314.47,309.7,314.47,316.39,315.91,305.42,320.23,319.75,325.05,312.08,324.08,323.6,319.27,310.18,,12,968,28,17.13,22.02.19 00:17:20,7.8,304.95,304.47,309.7,311.13,311.61,310.65,312.56,314.95,319.27,316.39,314,310.18,314.47,316.87,315.43,305.42,319.75,320.23,323.6,311.13,323.6,325.05,319.75,310.18,,12,968,28,17.09,22.02.19 00:17:35,8.05,304,304,308.75,311.13,311.61,310.18,311.61,314.47,318.79,316.39,313.52,310.18,313.52,315.91,314.95,304.95,319.27,319.27,325.05,311.61,323.12,321.67,319.27,309.22,,12,968,28,17.06,22.02.19 00:17:50,8.3,304,303.53,308.75,310.65,311.13,309.22,311.13,313.52,318.31,315.43,313.52,309.7,314,314.95,315.43,304.47,318.79,318.79,322.64,310.18,321.67,322.64,318.79,308.75,,12,968,28,17.04,22.02.19 00:18:05,8.55,303.53,303.53,308.27,310.18,310.65,309.7,310.65,313.04,317.35,315.43,313.52,309.7,312.08,315.43,314.95,304.95,318.79,318.79,323.6,309.7,321.19,322.16,319.27,309.22,,12,968,28,17,22.02.19 00:18:20,8.8,303.05,303.05,307.8,309.7,311.13,308.75,310.18,313.04,317.83,314.95,312.56,308.75,312.08,314,314.47,303.53,317.83,317.83,323.6,309.22,321.67,322.64,316.87,306.85,,12,968,28,16.95,22.02.19 00:18:35,9.05,302.11,302.11,307.32,308.75,309.22,308.27,308.75,312.08,316.87,313.52,312.08,308.75,310.65,314.47,314,303.05,317.35,317.35,323.6,308.75,322.16,320.71,318.31,306.85,,12,968,28,16.93,22.02.19 00:18:50,9.3,302.11,302.58,306.85,308.75,309.22,307.32,309.7,312.08,317.35,314,312.08,308.27,311.61,314,313.04,303.05,317.83,317.83,322.64,308.75,320.71,320.71,318.31,310.18,,12,968,28,16.9,22.02.19 00:19:05,9.55,301.63,302.11,306.85,307.8,309.22,307.8,309.22,311.61,316.87,313.52,311.13,307.8,310.65,313.04,313.04,302.58,316.87,316.87,322.64,308.75,320.71,318.31,317.35,309.22,,12,968,28,16.89,22.02.19 00:19:20,9.8,301.16,301.63,306.37,307.32,308.75,306.85,308.27,311.13,315.43,312.56,311.13,307.32,310.18,312.56,313.04,302.11,316.39,316.39,321.19,308.27,319.27,319.27,317.35,306.85,,12,968,28,16.86,22.02.19 00:19:35,10.05,301.16,301.63,306.37,307.8,308.27,306.85,308.27,311.13,315.91,312.08,311.61,307.32,309.7,313.04,312.08,302.11,316.39,316.87,320.71,307.32,320.23,320.71,315.43,307.32,,12,968,28,16.82,22.02.19 00:19:50,10.3,301.16,301.16,305.42,307.32,308.27,306.85,307.8,310.65,315.91,312.56,310.18,307.32,309.7,312.08,312.08,301.63,315.91,315.91,321.67,308.27,321.19,320.23,316.87,307.8,,12,968,28,16.81,22.02.19 00:20:05,10.55,300.22,300.69,305.42,306.37,307.32,306.37,307.8,310.18,315.43,312.08,309.7,306.37,308.75,312.56,311.61,301.63,314.95,316.39,320.23,307.8,320.23,318.31,314.95,305.9,,12,968,28,16.77,22.02.19 00:20:20,10.8,299.74,300.22,304.95,306.85,307.32,305.9,306.85,309.7,314.47,311.61,310.18,306.37,308.27,311.61,311.61,301.16,314.95,316.39,319.27,307.32,319.27,319.27,315.43,305.9,,12,968,28,16.73,22.02.19 00:20:35,11.05,299.27,299.27,304.47,305.42,306.37,304.95,306.37,309.22,313.52,310.65,309.22,305.42,307.8,311.13,311.13,301.63,314.47,315.43,319.27,306.85,317.83,316.87,314.47,306.37,,12,968,28,16.72,22.02.19 00:20:51,11.32,298.8,299.74,304.47,305.42,305.9,305.42,306.37,308.27,314.47,310.65,308.75,305.42,307.8,311.13,310.18,300.69,313.52,314.47,319.75,305.42,316.39,319.27,315.91,307.32,,12,968,28,16.7,22.02.19 00:21:06,11.57,298.33,298.33,303.53,304.95,305.42,304.47,305.42,308.75,312.56,310.18,307.8,304.95,306.85,310.18,309.7,299.74,313.52,314.47,319.75,304.47,316.39,317.35,314.95,304.95,,12,968,28,16.68,22.02.19 00:21:21,11.82,298.33,298.8,304,304.47,305.42,304.47,305.9,308.27,312.56,309.7,308.27,304,306.37,309.7,310.18,300.22,313.04,314.95,318.31,305.42,315.91,317.83,314,304.95,,12,968,28,16.65,22.02.19 00:21:36,12.07,297.86,298.33,303.53,304.47,304.95,304,305.42,308.27,313.04,309.22,307.32,304.47,306.37,309.7,309.7,299.74,313.04,313.04,317.83,305.9,317.35,315.91,313.52,304.47,,12,968,28,16.64,22.02.19 00:21:51,12.32,297.86,298.33,303.53,304.47,305.42,304,305.42,308.27,312.56,309.22,307.8,304,305.9,309.22,309.22,299.27,313.52,313.52,317.83,304.95,316.87,316.87,313.52,304.47,,12,968,28,16.61,22.02.19 00:22:06,12.57,297.86,297.86,302.58,303.53,304.95,303.05,304,307.32,311.61,308.75,306.85,304,305.42,308.75,308.75,299.27,313.04,312.08,317.35,304.95,316.39,315.43,314,304,,12,968,28,16.57,22.02.19 00:22:21,12.82,296.92,297.39,302.11,304,304.47,303.05,304,306.85,310.65,308.75,306.37,304,304.95,308.75,307.8,298.33,312.56,312.56,317.35,304,316.39,315.43,312.08,303.05,,12,968,28,16.54,22.02.19 00:22:36,13.07,296.45,297.86,302.11,302.58,304,302.58,303.53,307.32,311.61,307.8,306.37,303.53,304.95,308.75,308.27,299.74,312.08,313.04,316.39,302.58,314,314.47,311.61,303.05,,12,968,28,16.54,22.02.19 00:22:51,13.32,296.92,297.86,302.11,303.05,304,303.05,304,306.85,311.13,307.8,306.37,303.05,305.42,308.27,308.27,299.27,311.61,312.08,317.35,304,316.87,314.47,312.08,302.58,,12,968,28,16.52,22.02.19 00:23:06,13.57,296.92,296.92,302.11,303.05,303.53,302.58,304,306.37,310.65,307.8,305.42,304,304.47,307.8,307.8,298.33,310.65,312.08,317.83,304,315.43,314.95,311.61,303.53,,12,968,28,16.5,22.02.19 00:23:21,13.82,295.98,296.45,301.63,302.58,303.05,301.63,303.05,305.42,310.18,306.85,305.9,303.05,304.47,307.32,307.32,298.33,310.65,311.13,316.39,303.05,314.95,314.47,312.08,302.58,,12,968,28,16.45,22.02.19 00:23:36,14.07,295.5,296.45,301.16,301.63,303.05,301.63,303.05,305.42,309.22,306.85,305.42,301.63,303.53,307.32,306.85,298.33,310.65,311.61,315.43,303.05,314.47,314.95,312.08,302.58,,12,968,28,16.45,22.02.19 00:23:51,14.32,295.5,295.98,300.69,302.11,301.63,301.63,302.11,304.95,308.75,306.37,305.42,302.11,303.05,306.85,306.85,297.86,310.65,311.13,314.95,302.11,314.95,313.04,312.56,302.11,,12,968,28,16.43,22.02.19 00:24:06,14.57,295.5,295.98,300.69,301.63,302.58,301.16,302.11,305.42,309.22,306.37,304.47,301.63,302.11,306.37,306.37,297.86,311.13,311.61,315.91,301.63,312.56,314,311.13,303.05,,12,968,28,16.41,22.02.19 00:24:21,14.82,295.03,295.98,300.22,301.16,302.11,301.16,300.69,304.95,308.27,305.42,304.47,302.11,302.58,306.37,305.9,298.33,310.18,310.65,315.43,301.16,313.52,313.04,310.65,302.58,,12,968,28,16.38,22.02.19 00:24:36,15.07,294.57,295.5,299.74,301.16,301.16,300.69,301.63,304.47,308.75,305.42,304.47,301.63,302.11,305.9,305.9,297.39,308.75,310.18,314,300.69,314.47,313.52,309.22,303.53,,12,968,28,16.38,22.02.19 00:24:51,15.32,294.57,295.03,299.74,300.22,301.16,300.22,301.16,304.47,307.8,305.42,304,300.69,301.63,305.9,304.95,296.45,309.7,310.18,313.52,300.69,313.04,310.65,311.13,300.22,,12,968,28,16.34,22.02.19 00:25:06,15.57,294.1,294.57,299.27,300.22,301.16,299.74,300.69,303.53,307.8,304.95,303.53,300.69,301.16,304.95,304.95,296.92,308.27,308.75,314,301.63,313.52,313.04,309.7,300.69,,12,968,28,16.32,22.02.19 00:25:21,15.82,294.1,295.03,299.27,300.69,301.16,300.22,300.69,303.53,308.27,304.95,303.53,301.16,301.16,305.42,305.42,296.92,308.27,308.75,314.47,301.16,313.04,313.04,309.7,301.63,,12,968,28,16.29,22.02.19 00:25:36,16.07,293.63,294.1,299.27,300.22,300.69,299.74,300.69,303.53,306.85,304.47,303.53,300.69,300.69,304.47,304.95,296.45,308.27,309.22,313.04,302.11,312.56,313.04,309.7,300.22,,12,968,28,16.27,22.02.19 00:25:51,16.32,293.63,294.1,298.8,299.74,300.69,299.74,300.69,304,306.85,304.47,302.58,300.22,300.69,304.95,304.95,295.98,307.8,308.75,313.52,301.63,313.04,311.61,308.75,299.74,,12,968,28,16.25,22.02.19 00:26:06,16.57,292.69,293.63,298.8,298.8,300.22,299.27,300.22,303.53,306.85,303.05,303.05,299.74,300.69,304,303.53,295.03,307.32,308.75,313.04,299.74,313.04,311.13,308.75,301.16,,12,968,28,16.22,22.02.19 00:26:21,16.82,293.16,293.63,298.33,299.27,300.22,298.8,299.74,302.58,306.37,303.53,302.11,299.74,300.22,304.47,304,295.5,307.8,308.27,313.04,301.63,312.56,311.13,309.22,301.16,,12,968,28,16.2,22.02.19 00:26:37,17.08,292.69,294.1,297.86,299.27,299.74,298.8,299.74,303.05,306.37,304,302.11,299.27,299.74,303.53,304,295.03,307.8,307.8,311.61,300.22,312.08,310.65,310.18,301.16,,12,968,28,16.2,22.02.19 00:26:52,17.33,292.69,293.16,297.86,298.33,298.8,298.33,299.27,302.11,306.37,303.05,301.63,298.8,299.74,302.58,303.53,295.5,306.37,307.32,310.65,299.74,310.18,311.13,309.22,300.69,,12,968,28,16.18,22.02.19 00:27:07,17.58,292.22,293.16,297.39,298.33,298.8,298.33,298.8,302.11,305.42,302.11,301.16,298.8,299.27,303.53,302.58,294.1,306.85,306.85,312.56,299.27,311.61,311.13,308.27,301.63,,12,968,28,16.15,22.02.19 00:27:22,17.83,291.75,292.69,297.39,298.8,298.33,297.86,298.33,301.16,304.95,302.58,301.16,298.8,298.8,303.05,303.05,295.03,307.32,306.85,311.13,299.27,311.13,310.65,308.27,299.27,,12,968,28,16.13,22.02.19 00:27:37,18.08,291.75,292.22,297.39,297.86,298.33,297.39,298.33,301.16,304.95,302.58,301.16,298.33,298.33,303.05,302.58,294.1,306.37,307.32,310.65,299.27,310.65,310.65,306.85,299.27,,12,968,28,16.11,22.02.19 00:27:52,18.33,291.75,292.69,296.92,297.86,297.86,297.86,298.33,301.63,304.95,302.11,300.69,297.86,297.86,301.63,302.11,293.63,305.9,307.32,310.65,298.8,310.65,310.65,309.7,300.22,,12,968,28,16.09,22.02.19 00:28:07,18.58,290.81,292.22,296.45,297.86,298.33,297.86,297.86,300.69,304,301.63,300.69,298.33,297.86,301.16,301.63,294.1,305.9,306.85,310.65,298.8,312.08,310.18,308.75,299.74,,12,968,28,16.07,22.02.19 00:28:22,18.83,290.81,291.75,296.92,297.86,297.86,296.92,297.39,300.69,304,301.63,300.22,297.86,297.86,301.63,302.11,292.22,304.95,306.37,310.18,297.39,310.65,309.22,307.32,297.86,,12,968,28,16.06,22.02.19 00:28:37,19.08,290.81,291.28,295.98,297.39,297.86,296.92,297.39,300.69,303.53,301.16,299.74,297.39,297.39,301.16,301.16,293.16,305.42,305.9,309.7,297.86,310.18,310.18,308.27,297.39,,12,968,28,16.02,22.02.19 00:28:52,19.33,290.35,291.28,295.98,296.92,296.92,296.45,296.92,300.22,303.05,301.16,299.74,297.86,296.92,300.69,300.69,292.22,304.47,305.9,309.7,298.33,308.75,310.18,307.8,299.27,,12,968,28,16.02,22.02.19 00:29:07,19.58,289.88,291.28,295.5,296.92,296.92,296.45,296.92,299.27,303.05,300.22,299.74,297.39,295.98,300.69,300.69,292.69,304.47,305.42,308.75,297.86,309.7,307.8,307.8,296.92,,12,968,28,15.98,22.02.19 00:29:22,19.83,289.88,291.28,295.5,296.45,296.92,296.45,296.45,299.74,303.05,300.69,299.27,297.39,297.39,300.22,300.69,292.22,304.47,304.95,308.75,296.92,310.65,310.18,306.37,297.86,,12,968,28,15.97,22.02.19 00:29:37,20.08,289.88,290.81,295.5,296.92,296.45,295.98,296.45,299.27,302.11,299.74,298.8,296.92,296.45,300.22,300.22,292.22,304,305.42,307.8,296.92,308.75,308.27,306.85,297.39,,12,968,28,15.95,22.02.19 00:29:52,20.33,289.41,290.81,295.03,296.45,296.45,295.5,295.98,299.74,303.05,299.74,299.27,296.92,296.45,299.74,300.69,291.75,304.47,304.95,308.75,295.98,308.27,306.85,305.9,297.39,,12,968,28,15.93,22.02.19 00:30:07,20.58,289.41,290.35,295.03,295.98,295.98,295.5,295.98,299.27,302.11,299.74,298.33,295.5,295.98,300.22,300.22,291.28,303.05,304,308.27,297.39,308.27,307.8,306.85,296.45,,12,968,28,15.93,22.02.19 00:30:22,20.83,289.41,289.88,295.03,295.5,295.5,295.03,295.5,298.8,301.63,299.27,297.86,296.45,295.03,300.22,299.74,291.28,303.53,303.53,307.32,295.5,308.75,308.75,305.9,295.98,,12,968,28,15.91,22.02.19 00:30:37,21.08,288.94,289.88,294.57,295.98,295.5,294.57,295.5,298.33,301.16,299.27,298.33,295.98,294.57,299.27,299.27,291.28,302.58,303.05,306.85,296.92,307.32,307.8,305.9,296.92,,12,968,28,15.89,22.02.19 00:30:52,21.33,289.41,289.88,294.57,295.03,295.98,294.57,295.5,298.33,301.63,299.27,298.33,295.5,294.57,299.74,300.22,290.35,303.05,304.47,307.32,296.45,308.75,307.8,305.42,296.45,,12,968,28,15.86,22.02.19 00:31:07,21.58,288.48,289.41,294.1,295.5,295.5,294.57,295.03,297.86,301.63,298.8,298.33,295.03,294.1,298.8,298.8,290.35,302.11,304,308.75,295.5,306.85,307.8,304.47,295.98,,12,968,28,15.86,22.02.19 00:31:22,21.83,287.54,289.41,293.63,295.03,294.57,294.1,294.1,297.86,300.69,298.33,297.39,295.03,294.1,298.33,298.8,290.35,302.11,303.53,307.32,293.63,306.37,306.85,305.42,295.5,,12,968,28,15.84,22.02.19 00:31:37,22.08,288.01,289.41,293.63,294.57,294.1,293.63,294.57,297.86,300.69,297.86,297.39,294.57,293.16,297.86,298.8,291.28,302.11,303.53,306.37,295.5,308.27,307.32,304.95,294.1,,12,968,28,15.82,22.02.19 00:31:52,22.33,288.01,288.94,293.16,294.57,293.63,294.1,294.57,297.39,300.22,297.86,296.92,294.57,293.63,297.86,298.33,289.88,301.63,303.53,305.9,295.03,306.37,307.32,304,295.5,,12,968,28,15.81,22.02.19 00:32:07,22.58,287.54,288.48,293.16,294.1,294.1,293.63,293.63,297.39,300.22,297.39,296.45,294.57,293.16,297.86,297.86,289.41,301.16,302.58,306.37,295.03,306.37,306.37,304,295.03,,12,968,28,15.77,22.02.19 00:32:22,22.83,287.54,288.48,292.69,294.1,293.63,293.63,293.63,296.92,299.74,297.39,296.92,294.57,293.16,297.86,297.86,288.48,301.16,302.58,306.37,293.16,307.8,305.9,304,294.57,,12,968,28,15.77,22.02.19 00:32:37,23.08,287.54,288.48,292.69,294.1,293.63,293.16,294.1,296.92,299.74,297.39,296.92,294.57,293.16,297.86,297.39,290.81,300.69,303.53,306.37,294.57,307.8,307.32,303.53,295.5,,12,968,28,15.75,22.02.19 00:32:52,23.33,287.08,288.01,292.22,293.63,293.63,293.63,293.16,296.92,299.27,297.39,295.98,293.63,292.22,296.45,296.92,289.41,301.16,301.63,305.42,294.1,307.8,304,304.47,295.03,,12,968,28,15.73,22.02.19 00:33:07,23.58,287.08,288.48,292.69,294.1,293.63,293.16,293.63,296.45,299.27,296.45,296.45,293.63,292.69,297.86,297.39,289.88,300.22,302.58,305.9,294.1,304.95,304.47,304,295.98,,12,968,28,15.7,22.02.19 00:33:22,23.83,286.14,288.01,291.75,293.16,293.16,292.22,293.63,295.5,298.8,296.45,295.03,293.16,292.69,296.92,296.45,288.94,299.74,301.63,304.95,292.69,305.42,306.85,303.05,293.16,,12,968,28,15.7,22.02.19 00:33:37,24.08,286.14,287.54,291.75,293.16,292.69,292.22,293.16,295.98,298.8,296.45,295.03,293.63,292.22,296.45,297.39,289.88,300.22,302.58,304.47,293.16,305.42,305.9,304.95,293.63,,12,968,28,15.68,22.02.19 00:33:52,24.33,285.68,287.54,291.75,293.16,292.22,292.69,293.16,295.98,298.33,295.98,295.5,293.16,292.22,296.92,296.45,288.48,299.74,301.16,304.95,292.22,305.9,305.9,303.53,294.1,,12,968,28,15.65,22.02.19 00:34:07,24.58,286.61,287.54,291.75,293.16,293.16,292.69,293.16,295.98,298.33,296.45,295.03,292.69,291.75,296.45,295.98,288.94,300.22,301.63,304.47,292.69,305.42,306.37,303.05,295.03,,12,968,28,15.65,22.02.19 00:34:22,24.83,286.14,287.08,291.75,292.22,292.22,292.22,292.22,295.5,297.86,295.98,295.03,292.22,291.75,296.45,296.45,288.94,300.22,301.16,303.53,291.28,304,304.95,302.58,294.57,,12,968,28,15.63,22.02.19 00:34:37,25.08,285.68,287.08,291.28,292.69,292.22,291.75,292.22,295.03,297.86,295.5,294.57,292.22,291.28,295.03,295.5,287.08,299.27,300.22,304,292.69,303.53,304,303.53,293.63,,12,968,28,15.61,22.02.19 00:34:52,25.33,285.68,287.08,290.81,292.69,292.22,292.22,292.22,295.03,297.39,295.5,294.57,292.69,291.28,295.98,295.5,288.48,298.8,300.69,304,292.22,304.47,303.05,303.05,294.1,,12,968,28,15.59,22.02.19 00:35:07,25.58,285.21,286.61,291.28,292.69,292.22,291.28,292.22,295.5,297.39,295.5,294.57,292.69,291.28,295.98,294.57,287.54,298.8,300.69,304,292.69,304.47,303.05,303.05,293.16,,12,968,28,15.57,22.02.19 00:35:22,25.83,285.21,286.61,290.81,292.22,291.28,291.75,291.75,295.03,297.39,295.03,294.1,292.69,290.81,295.03,295.5,288.01,298.33,301.16,302.58,291.75,304.95,303.05,303.05,292.22,,12,968,28,15.57,22.02.19 00:35:37,26.08,285.21,286.61,290.81,292.69,291.75,291.28,292.22,294.57,297.39,295.03,294.1,292.22,290.35,295.03,295.5,287.08,298.8,301.16,302.58,292.22,302.58,303.53,302.11,291.75,,12,968,28,15.54,22.02.19 00:35:52,26.33,285.68,286.61,290.81,292.22,291.75,291.28,292.22,295.03,297.39,295.5,295.03,292.22,289.88,295.5,295.03,287.54,299.27,301.16,303.05,292.22,302.58,303.53,302.11,294.1,,12,968,28,15.54,22.02.19 00:36:07,26.58,284.75,286.14,290.35,291.75,291.75,290.81,291.28,294.57,295.98,294.57,294.1,291.75,289.88,294.57,295.03,287.08,298.8,299.74,301.63,291.28,304.47,303.53,301.63,293.63,,12,968,28,15.52,22.02.19 00:36:22,26.83,284.75,285.68,290.35,291.75,291.28,290.81,291.75,294.1,296.45,294.1,293.63,291.28,289.41,294.57,294.57,287.08,298.8,300.22,301.63,292.69,303.53,303.05,301.63,291.75,,12,968,28,15.5,22.02.19 00:36:38,27.1,284.28,285.21,289.88,290.81,290.81,289.88,290.81,294.1,295.5,293.63,293.63,290.81,289.88,294.1,294.1,286.14,297.39,298.8,300.69,290.81,301.16,303.53,300.22,290.35,,12,968,28,15.48,22.02.19 00:36:53,27.35,284.28,285.21,289.41,290.81,290.81,289.88,290.81,293.63,295.5,294.1,293.16,290.35,289.41,294.1,294.1,286.61,296.45,299.74,301.16,291.75,303.05,302.58,300.22,291.75,,12,968,28,15.47,22.02.19 00:37:08,27.6,283.82,285.21,289.41,290.35,290.35,289.41,290.81,293.63,295.5,293.16,292.69,290.81,288.48,293.63,294.57,286.61,296.92,298.8,300.69,290.81,303.05,302.11,299.74,291.75,,12,968,28,15.47,
